algorithm,grid_width,grid_height,grid_cells,density,pattern,trial,start,goal,manhattan_distance,path_found,path_cost,path_length,visited_nodes,execution_time_ms,memory_peak_mb,time_per_million_cells_ms,nodes_per_cell,search_space_reduction_pct,corridor_size,corridor_efficiency,strategy_used,expansions,timed_out,error
AILS,1000,1000,1000000,0.2,random,0,"(279, 89)","(945, 773)",1350,True,981.5403307307382,722,7926,86.73458296107128,0.0,86.73458296107128,0.007926,99.2074,10430,0.01043,density_adaptive,0,False,
AILS,1000,1000,1000000,0.2,random,1,"(632, 654)","(13, 439)",834,True,708.8843430342906,620,7651,76.10400003613904,0.0,76.10400003613904,0.007651,99.23490000000001,7559,0.007559,density_adaptive,0,False,
AILS,1000,1000,1000000,0.2,random,2,"(150, 433)","(448, 858)",723,True,548.435641586258,426,2253,24.186624970752746,0.0,24.186624970752746,0.002253,99.77470000000001,5794,0.005794,density_adaptive,0,False,
AILS,1000,1000,1000000,0.2,random,3,"(912, 85)","(324, 697)",1200,True,877.2316728658757,650,7202,76.60054200096056,0.0,76.60054200096056,0.007202,99.2798,9348,0.009348,density_adaptive,0,False,
AILS,1000,1000,1000000,0.2,random,4,"(582, 201)","(243, 94)",446,True,384.14927829832925,340,2713,27.469125052448362,0.0,27.469125052448362,0.002713,99.7287,4050,0.00405,density_adaptive,0,False,
AILS,1000,1000,1000000,0.2,random,5,"(566, 526)","(736, 975)",619,True,519.4163056028985,450,2154,22.44662499288097,0.0,22.44662499288097,0.002154,99.7846,5579,0.005579,density_adaptive,0,False,
AILS,1000,1000,1000000,0.2,random,6,"(728, 735)","(144, 761)",610,True,620.4507934885598,585,5159,86.93250000942498,0.0,86.93250000942498,0.005159,99.4841,6697,0.006697,density_adaptive,0,False,
AILS,1000,1000,1000000,0.2,random,7,"(409, 717)","(986, 785)",645,True,616.7645019875201,578,5132,51.39233299996704,0.0,51.39233299996704,0.005132,99.4868,6716,0.006716,density_adaptive,0,False,
AILS,1000,1000,1000000,0.2,random,8,"(298, 513)","(357, 128)",444,True,416.8944443024895,386,3371,35.17562500201166,0.0,35.17562500201166,0.003371,99.6629,4476,0.004476,density_adaptive,0,False,
AILS,1000,1000,1000000,0.2,random,9,"(643, 839)","(493, 450)",539,True,451.13203435549883,390,2078,22.64362503774464,0.0,22.64362503774464,0.002078,99.7922,4881,0.004881,density_adaptive,0,False,
AILS,1000,1000,1000000,0.2,random,10,"(366, 500)","(827, 370)",591,True,516.0193359833589,464,4122,42.14999999385327,0.0,42.14999999385327,0.004122,99.5878,5455,0.005455,density_adaptive,0,False,
AILS,1000,1000,1000000,0.2,random,11,"(625, 182)","(748, 926)",867,True,802.404112294171,745,7287,74.05024999752641,0.0,74.05024999752641,0.007287,99.2713,8223,0.008223,density_adaptive,0,False,
AILS,1000,1000,1000000,0.2,random,12,"(489, 781)","(943, 643)",592,True,511.1614716070588,455,4034,41.691583988722414,0.0,41.691583988722414,0.004034,99.5966,5459,0.005459,density_adaptive,0,False,
AILS,1000,1000,1000000,0.2,random,13,"(505, 402)","(661, 822)",576,True,484.61731572971877,421,1885,21.364916989114136,0.0,21.364916989114136,0.001885,99.8115,5076,0.005076,density_adaptive,0,False,
AILS,1000,1000,1000000,0.2,random,14,"(568, 450)","(348, 227)",443,True,324.08535316110965,241,2530,26.539749989751726,0.0,26.539749989751726,0.00253,99.747,3638,0.003638,density_adaptive,0,False,
AILS,1000,1000,1000000,0.2,random,15,"(185, 92)","(543, 554)",820,True,610.8742417660892,464,3468,35.79195903148502,0.0,35.79195903148502,0.003468,99.6532,6579,0.006579,density_adaptive,0,False,
AILS,1000,1000,1000000,0.2,random,16,"(808, 887)","(815, 63)",831,True,876.6051224209912,825,7544,73.07633297750726,0.0,73.07633297750726,0.007544,99.2456,9424,0.009424,density_adaptive,0,False,
AILS,1000,1000,1000000,0.2,random,17,"(153, 858)","(589, 827)",467,True,463.75230867878946,437,3699,36.142207973171026,0.0,36.142207973171026,0.003699,99.6301,5046,0.005046,density_adaptive,0,False,
AILS,1000,1000,1000000,0.2,random,18,"(388, 165)","(83, 758)",898,True,719.335136522851,594,5458,54.6827910002321,0.0,54.6827910002321,0.005458,99.4542,7397,0.007397,density_adaptive,0,False,
AILS,1000,1000,1000000,0.2,random,19,"(484, 700)","(582, 354)",444,True,389.42135623699943,349,2834,29.147749999538064,0.0,29.147749999538064,0.002834,99.7166,4151,0.004151,density_adaptive,0,False,
A*,1000,1000,1000000,0.2,random,0,"(279, 89)","(945, 773)",1350,True,979.7829714178483,719,31484,393.8499580253847,0.0,393.8499580253847,0.031484,96.8516,0,0.0,,0,False,
A*,1000,1000,1000000,0.2,random,1,"(632, 654)","(13, 439)",834,True,708.0559159095502,620,54949,577.2731659817509,0.0,577.2731659817509,0.054949,94.5051,0,0.0,,0,False,
A*,1000,1000,1000000,0.2,random,2,"(150, 433)","(448, 858)",723,True,548.4356415862578,426,15153,146.84237499022856,0.0,146.84237499022856,0.015153,98.4847,0,0.0,,0,False,
A*,1000,1000,1000000,0.2,random,3,"(912, 85)","(324, 697)",1200,True,874.8885271153557,646,30893,337.8200000151992,0.0,337.8200000151992,0.030893,96.9107,0,0.0,,0,False,
A*,1000,1000,1000000,0.2,random,4,"(582, 201)","(243, 94)",446,True,383.32085117358923,340,3913,35.626750031951815,0.0,35.626750031951815,0.003913,99.6087,0,0.0,,0,False,
A*,1000,1000,1000000,0.2,random,5,"(566, 526)","(736, 975)",619,True,519.4163056028983,450,4635,74.1405839798972,0.0,74.1405839798972,0.004635,99.5365,0,0.0,,0,False,
A*,1000,1000,1000000,0.2,random,6,"(728, 735)","(144, 761)",610,True,617.9655121143398,585,27611,275.4575830185786,0.0,275.4575830185786,0.027611,97.2389,0,0.0,,0,False,
A*,1000,1000,1000000,0.2,random,7,"(409, 717)","(986, 785)",645,True,614.2792206133,578,29865,306.8409580155276,0.0,306.8409580155276,0.029865,97.0135,0,0.0,,0,False,
A*,1000,1000,1000000,0.2,random,8,"(298, 513)","(357, 128)",444,True,415.2375900530094,386,12833,128.23191698407754,0.0,128.23191698407754,0.012833,98.7167,0,0.0,,0,False,
A*,1000,1000,1000000,0.2,random,9,"(643, 839)","(493, 450)",539,True,451.13203435549855,390,4023,70.31912496313453,0.0,70.31912496313453,0.004023,99.5977,0,0.0,,0,False,
A*,1000,1000,1000000,0.2,random,10,"(366, 500)","(827, 370)",591,True,516.0193359833588,464,33401,340.0898749823682,0.0,340.0898749823682,0.033401,96.6599,0,0.0,,0,False,
A*,1000,1000,1000000,0.2,random,11,"(625, 182)","(748, 926)",867,True,799.9188309199511,745,63504,709.1239159926772,0.0,709.1239159926772,0.063504,93.64959999999999,0,0.0,,0,False,
A*,1000,1000,1000000,0.2,random,12,"(489, 781)","(943, 643)",592,True,511.1614716070588,455,6720,63.467125000897795,0.0,63.467125000897795,0.00672,99.328,0,0.0,,0,False,
A*,1000,1000,1000000,0.2,random,13,"(505, 402)","(661, 822)",576,True,484.61731572971877,421,5896,58.311917004175484,0.0,58.311917004175484,0.005896,99.4104,0,0.0,,0,False,
A*,1000,1000,1000000,0.2,random,14,"(568, 450)","(348, 227)",443,True,322.91378028584967,239,4304,46.71208403306082,0.0,46.71208403306082,0.004304,99.56960000000001,0,0.0,,0,False,
A*,1000,1000,1000000,0.2,random,15,"(185, 92)","(543, 554)",820,True,610.2884553284592,463,15351,145.37749998271465,0.0,145.37749998271465,0.015351,98.4649,0,0.0,,0,False,
A*,1000,1000,1000000,0.2,random,16,"(808, 887)","(815, 63)",831,True,869.1492782983314,825,52544,569.6546250255778,0.0,569.6546250255778,0.052544,94.7456,0,0.0,,0,False,
A*,1000,1000,1000000,0.2,random,17,"(153, 858)","(589, 827)",467,True,461.26702730456947,437,14975,149.52120801899582,0.0,149.52120801899582,0.014975,98.5025,0,0.0,,0,False,
A*,1000,1000,1000000,0.2,random,18,"(388, 165)","(83, 758)",898,True,719.335136522849,594,30450,332.05662498949096,0.0,332.05662498949096,0.03045,96.955,0,0.0,,0,False,
A*,1000,1000,1000000,0.2,random,19,"(484, 700)","(582, 354)",444,True,387.76450198751957,349,11073,109.4324589939788,0.0,109.4324589939788,0.011073,98.8927,0,0.0,,0,False,
JPS,1000,1000,1000000,0.2,random,0,"(279, 89)","(945, 773)",1350,True,979.7829714178455,719,20720,241.7443330050446,0.0,241.7443330050446,0.02072,97.928,0,0.0,,0,False,
JPS,1000,1000,1000000,0.2,random,1,"(632, 654)","(13, 439)",834,True,708.0559159095495,620,17560,232.30450000846758,0.0,232.30450000846758,0.01756,98.244,0,0.0,,0,False,
JPS,1000,1000,1000000,0.2,random,2,"(150, 433)","(448, 858)",723,True,548.4356415862584,426,14960,166.55304201412946,0.0,166.55304201412946,0.01496,98.504,0,0.0,,0,False,
JPS,1000,1000,1000000,0.2,random,3,"(912, 85)","(324, 697)",1200,True,874.8885271153526,646,21228,278.51537498645484,0.0,278.51537498645484,0.021228,97.8772,0,0.0,,0,False,
JPS,1000,1000,1000000,0.2,random,4,"(582, 201)","(243, 94)",446,True,383.3208511735892,340,3786,42.40049998043105,0.0,42.40049998043105,0.003786,99.62140000000001,0,0.0,,0,False,
JPS,1000,1000,1000000,0.2,random,5,"(566, 526)","(736, 975)",619,True,519.4163056028985,450,3917,49.41345797851682,0.0,49.41345797851682,0.003917,99.6083,0,0.0,,0,False,
JPS,1000,1000,1000000,0.2,random,6,"(728, 735)","(144, 761)",610,True,617.9655121143398,585,17200,238.65862499224022,0.0,238.65862499224022,0.0172,98.28,0,0.0,,0,False,
JPS,1000,1000,1000000,0.2,random,7,"(409, 717)","(986, 785)",645,True,614.2792206132998,578,17348,234.41245802678168,0.0,234.41245802678168,0.017348,98.2652,0,0.0,,0,False,
JPS,1000,1000,1000000,0.2,random,8,"(298, 513)","(357, 128)",444,True,415.2375900530094,386,8029,92.80841698637232,0.0,92.80841698637232,0.008029,99.1971,0,0.0,,0,False,
JPS,1000,1000,1000000,0.2,random,9,"(643, 839)","(493, 450)",539,True,451.1320343554987,390,2408,26.001500023994595,0.0,26.001500023994595,0.002408,99.7592,0,0.0,,0,False,
JPS,1000,1000,1000000,0.2,random,10,"(366, 500)","(827, 370)",591,True,516.0193359833587,464,27747,323.74737499048933,0.0,323.74737499048933,0.027747,97.2253,0,0.0,,0,False,
JPS,1000,1000,1000000,0.2,random,11,"(625, 182)","(748, 926)",867,True,799.9188309199507,745,40331,539.7807499975897,0.0,539.7807499975897,0.040331,95.9669,0,0.0,,0,False,
JPS,1000,1000,1000000,0.2,random,12,"(489, 781)","(943, 643)",592,True,511.16147160705873,455,3677,38.31149998586625,0.0,38.31149998586625,0.003677,99.6323,0,0.0,,0,False,
JPS,1000,1000,1000000,0.2,random,13,"(505, 402)","(661, 822)",576,True,484.61731572971865,421,1465,16.601208015345037,0.0,16.601208015345037,0.001465,99.8535,0,0.0,,0,False,
JPS,1000,1000,1000000,0.2,random,14,"(568, 450)","(348, 227)",443,True,322.9137802858497,239,2732,29.145541018806398,0.0,29.145541018806398,0.002732,99.7268,0,0.0,,0,False,
JPS,1000,1000,1000000,0.2,random,15,"(185, 92)","(543, 554)",820,True,610.288455328459,463,12467,229.9683329765685,0.0,229.9683329765685,0.012467,98.7533,0,0.0,,0,False,
JPS,1000,1000,1000000,0.2,random,16,"(808, 887)","(815, 63)",831,True,869.1492782983311,825,32440,502.98808398656547,0.0,502.9880839865654,0.03244,96.756,0,0.0,,0,False,
JPS,1000,1000,1000000,0.2,random,17,"(153, 858)","(589, 827)",467,True,461.2670273045695,437,9123,162.18129103071988,0.0,162.18129103071988,0.009123,99.0877,0,0.0,,0,False,
JPS,1000,1000,1000000,0.2,random,18,"(388, 165)","(83, 758)",898,True,719.3351365228491,594,12219,151.0114159900695,0.0,151.0114159900695,0.012219,98.7781,0,0.0,,0,False,
JPS,1000,1000,1000000,0.2,random,19,"(484, 700)","(582, 354)",444,True,387.7645019875195,349,6973,91.32354101166129,0.0,91.32354101166129,0.006973,99.3027,0,0.0,,0,False,
AILS,1000,1000,1000000,0.2,clustered,0,"(136, 82)","(618, 780)",1180,True,925.2661607515334,732,137255,1775.2952909795567,0.0,1775.2952909795567,0.137255,86.2745,30239,0.030239,density_adaptive,8,False,
AILS,1000,1000,1000000,0.2,clustered,1,"(227, 629)","(892, 403)",891,False,inf,0,95102,1203.9991249912418,0.0,1203.9991249912418,0.095102,0.0,39492,0.039492,density_adaptive,11,False,
AILS,1000,1000,1000000,0.2,clustered,2,"(496, 398)","(551, 869)",526,True,523.3208511735897,480,2423,25.972665986046195,0.0,25.972665986046195,0.002423,99.7577,5060,0.00506,density_adaptive,0,False,
AILS,1000,1000,1000000,0.2,clustered,3,"(94, 79)","(788, 678)",1293,False,inf,0,176926,2143.6570410151035,0.0,2143.6570410151035,0.176926,0.0,41972,0.041972,density_adaptive,11,False,
AILS,1000,1000,1000000,0.2,clustered,4,"(496, 490)","(565, 977)",556,True,526.3502884251493,488,2297,25.33954195678234,0.0,25.33954195678234,0.002297,99.7703,4557,0.004557,density_adaptive,0,False,
AILS,1000,1000,1000000,0.2,clustered,5,"(427, 476)","(900, 117)",832,True,621.7026688908297,474,2283,25.76787502039224,0.0,25.76787502039224,0.002283,99.7717,2378,0.002378,base,0,False,
AILS,1000,1000,1000000,0.2,clustered,6,"(200, 851)","(527, 414)",764,False,inf,0,22379,358.08199999155477,0.0,358.08199999155477,0.022379,0.0,29216,0.029216,density_adaptive,11,False,
AILS,1000,1000,1000000,0.2,clustered,7,"(997, 167)","(602, 932)",1160,True,931.0996385103748,766,3828,40.34266696544364,0.0,40.34266696544364,0.003828,99.6172,5907,0.005907,density_adaptive,0,False,
AILS,1000,1000,1000000,0.2,clustered,8,"(618, 789)","(139, 618)",650,False,inf,0,106784,1277.2006670129485,0.0,1277.2006670129485,0.106784,0.0,32016,0.032016,density_adaptive,11,False,
AILS,1000,1000,1000000,0.2,clustered,9,"(335, 370)","(56, 834)",743,True,579.5655839012289,465,2189,23.322833003476262,0.0,23.322833003476262,0.002189,99.7811,2333,0.002333,base,0,False,
AILS,1000,1000,1000000,0.2,clustered,10,"(597, 414)","(124, 209)",678,True,557.9137802858489,474,2093,22.5002079969272,0.0,22.5002079969272,0.002093,99.7907,2436,0.002436,density_adaptive,0,False,
AILS,1000,1000,1000000,0.2,clustered,11,"(791, 84)","(369, 521)",859,True,611.7981233201394,438,1849,20.3027919633314,0.0,20.3027919633314,0.001849,99.8151,2198,0.002198,base,0,False,
AILS,1000,1000,1000000,0.2,clustered,12,"(826, 896)","(729, 58)",935,True,878.1787155498909,839,4332,46.49999999674037,0.0,46.49999999674037,0.004332,99.5668,4203,0.004203,base,0,False,
AILS,1000,1000,1000000,0.2,clustered,13,"(697, 254)","(510, 605)",538,False,inf,0,86379,1052.0134579855949,0.0,1052.0134579855949,0.086379,0.0,24008,0.024008,density_adaptive,11,False,
AILS,1000,1000,1000000,0.2,clustered,14,"(57, 152)","(813, 760)",1364,False,inf,0,165399,1971.883042016998,0.0,1971.8830420169977,0.165399,0.0,46293,0.046293,density_adaptive,11,False,
AILS,1000,1000,1000000,0.2,clustered,15,"(866, 682)","(264, 326)",958,False,inf,0,83756,1072.4357080180198,0.0,1072.4357080180198,0.083756,0.0,37128,0.037128,density_adaptive,11,False,
AILS,1000,1000,1000000,0.2,clustered,16,"(505, 62)","(33, 973)",1383,True,1106.508801438643,912,4381,45.002291968557984,0.0,45.002291968557984,0.004381,99.56190000000001,4568,0.004568,base,0,False,
AILS,1000,1000,1000000,0.2,clustered,17,"(168, 410)","(641, 901)",964,True,696.2955980030921,508,2695,29.249917017295957,0.0,29.249917017295957,0.002695,99.7305,4794,0.004794,density_adaptive,0,False,
AILS,1000,1000,1000000,0.2,clustered,18,"(36, 763)","(122, 179)",670,True,619.6223663638198,585,2623,29.343957954552025,0.0,29.343957954552025,0.002623,99.73769999999999,2933,0.002933,base,0,False,
AILS,1000,1000,1000000,0.2,clustered,19,"(434, 460)","(311, 40)",543,True,470.948268171509,421,1524,17.445416015107185,0.0,17.445416015107185,0.001524,99.8476,2113,0.002113,base,0,False,
A*,1000,1000,1000000,0.2,clustered,0,"(136, 82)","(618, 780)",1180,True,922.5382386902012,733,450389,5741.508750012144,0.0,5741.508750012144,0.450389,54.96110000000001,0,0.0,,0,False,
A*,1000,1000,1000000,0.2,clustered,1,"(227, 629)","(892, 403)",891,True,758.6122650956177,666,47724,566.1243749782443,0.0,566.1243749782443,0.047724,95.2276,0,0.0,,0,False,
A*,1000,1000,1000000,0.2,clustered,2,"(496, 398)","(551, 869)",526,True,505.3797256767092,472,7772,76.6972079873085,0.0,76.6972079873085,0.007772,99.2228,0,0.0,,0,False,
A*,1000,1000,1000000,0.2,clustered,3,"(94, 79)","(788, 678)",1293,True,1004.7930726860427,802,200667,3116.2920410279185,0.0,3116.2920410279185,0.200667,79.9333,0,0.0,,0,False,
A*,1000,1000,1000000,0.2,clustered,4,"(496, 490)","(565, 977)",556,True,525.521861300409,488,4056,38.95466699032113,0.0,38.95466699032113,0.004056,99.59440000000001,0,0.0,,0,False,
A*,1000,1000,1000000,0.2,clustered,5,"(427, 476)","(900, 117)",832,True,621.7026688908293,474,16212,179.1041669785045,0.0,179.1041669785045,0.016212,98.3788,0,0.0,,0,False,
A*,1000,1000,1000000,0.2,clustered,6,"(200, 851)","(527, 414)",764,True,588.9919907723284,462,10589,102.29062504367903,0.0,102.29062504367903,0.010589,98.9411,0,0.0,,0,False,
A*,1000,1000,1000000,0.2,clustered,7,"(997, 167)","(602, 932)",1160,True,928.6143571361512,766,487850,5961.3930829800665,0.0,5961.3930829800665,0.48785,51.214999999999996,0,0.0,,0,False,
A*,1000,1000,1000000,0.2,clustered,8,"(618, 789)","(139, 618)",650,True,553.9726547889697,480,19038,203.57062498806044,0.0,203.57062498806044,0.019038,98.0962,0,0.0,,0,False,
A*,1000,1000,1000000,0.2,clustered,9,"(335, 370)","(56, 834)",743,True,579.5655839012278,465,4502,47.39741701632738,0.0,47.39741701632738,0.004502,99.5498,0,0.0,,0,False,
A*,1000,1000,1000000,0.2,clustered,10,"(597, 414)","(124, 209)",678,True,557.9137802858463,474,1670,17.51941704424098,0.0,17.51941704424098,0.00167,99.833,0,0.0,,0,False,
A*,1000,1000,1000000,0.2,clustered,11,"(791, 84)","(369, 521)",859,True,611.7981233201394,438,4216,45.087457983754575,0.0,45.087457983754575,0.004216,99.5784,0,0.0,,0,False,
A*,1000,1000,1000000,0.2,clustered,12,"(826, 896)","(729, 58)",935,True,878.1787155498881,839,2465,25.905042013619095,0.0,25.905042013619095,0.002465,99.75349999999999,0,0.0,,0,False,
A*,1000,1000,1000000,0.2,clustered,13,"(697, 254)","(510, 605)",538,True,449.1686142816891,352,53590,610.1675410172902,0.0,610.1675410172902,0.05359,94.64099999999999,0,0.0,,0,False,
A*,1000,1000,1000000,0.2,clustered,14,"(57, 152)","(813, 760)",1364,True,1099.9007204240843,859,334936,4810.686083044857,0.0,4810.686083044857,0.334936,66.5064,0,0.0,,0,False,
A*,1000,1000,1000000,0.2,clustered,15,"(866, 682)","(264, 326)",958,True,768.7909806455073,636,49714,561.7832499556243,0.0,561.7832499556243,0.049714,95.0286,0,0.0,,0,False,
A*,1000,1000,1000000,0.2,clustered,16,"(505, 62)","(33, 973)",1383,True,1106.5088014386356,912,1275480,15769.505458010826,0.0,15769.505458010826,1.27548,-27.547999999999995,0,0.0,,0,False,
A*,1000,1000,1000000,0.2,clustered,17,"(168, 410)","(641, 901)",964,True,693.366665814941,503,15428,240.5739160021767,0.0,240.5739160021767,0.015428,98.4572,0,0.0,,0,False,
A*,1000,1000,1000000,0.2,clustered,18,"(36, 763)","(122, 179)",670,True,619.6223663638189,585,3065,31.23095800401643,0.0,31.230958004016433,0.003065,99.6935,0,0.0,,0,False,
A*,1000,1000,1000000,0.2,clustered,19,"(434, 460)","(311, 40)",543,True,470.94826817150806,421,2189,24.05629202257842,0.0,24.05629202257842,0.002189,99.7811,0,0.0,,0,False,
JPS,1000,1000,1000000,0.2,clustered,0,"(136, 82)","(618, 780)",1180,True,922.5382386902018,733,6963,1013.920916011557,0.0,1013.920916011557,0.006963,99.30369999999999,0,0.0,,0,False,
JPS,1000,1000,1000000,0.2,clustered,1,"(227, 629)","(892, 403)",891,True,758.6122650956188,666,2652,717.5597079913132,0.0,717.5597079913132,0.002652,99.7348,0,0.0,,0,False,
JPS,1000,1000,1000000,0.2,clustered,2,"(496, 398)","(551, 869)",526,True,505.3797256767096,472,2945,538.1094589829445,0.0,538.1094589829445,0.002945,99.7055,0,0.0,,0,False,
JPS,1000,1000,1000000,0.2,clustered,3,"(94, 79)","(788, 678)",1293,True,1004.7930726860421,802,5910,1417.2876250231639,0.0,1417.2876250231639,0.00591,99.409,0,0.0,,0,False,
JPS,1000,1000,1000000,0.2,clustered,4,"(496, 490)","(565, 977)",556,True,525.5218613004095,488,1320,51.708207989577204,0.0,51.708207989577204,0.00132,99.868,0,0.0,,0,False,
JPS,1000,1000,1000000,0.2,clustered,5,"(427, 476)","(900, 117)",832,True,621.70266889083,474,855,641.9170419685543,0.0,641.9170419685543,0.000855,99.91449999999999,0,0.0,,0,False,
JPS,1000,1000,1000000,0.2,clustered,6,"(200, 851)","(527, 414)",764,True,588.9919907723298,462,3615,2866.9305839575827,0.0,2866.9305839575827,0.003615,99.6385,0,0.0,,0,False,
JPS,1000,1000,1000000,0.2,clustered,7,"(997, 167)","(602, 932)",1160,True,928.6143571361503,766,3194,809.172666980885,0.0,809.172666980885,0.003194,99.6806,0,0.0,,0,False,
JPS,1000,1000,1000000,0.2,clustered,8,"(618, 789)","(139, 618)",650,True,553.9726547889693,480,4625,1103.2483750022948,0.0,1103.2483750022948,0.004625,99.5375,0,0.0,,0,False,
JPS,1000,1000,1000000,0.2,clustered,9,"(335, 370)","(56, 834)",743,True,579.56558390123,465,195,598.8419579807669,0.0,598.8419579807669,0.000195,99.9805,0,0.0,,0,False,
JPS,1000,1000,1000000,0.2,clustered,10,"(597, 414)","(124, 209)",678,True,557.91378028585,474,30,251.94070901488885,0.0,251.94070901488888,3e-05,99.997,0,0.0,,0,False,
JPS,1000,1000,1000000,0.2,clustered,11,"(791, 84)","(369, 521)",859,True,611.7981233201393,438,247,924.3625840172172,0.0,924.3625840172172,0.000247,99.9753,0,0.0,,0,False,
JPS,1000,1000,1000000,0.2,clustered,12,"(826, 896)","(729, 58)",935,True,878.1787155498898,839,341,439.88183297915384,0.0,439.88183297915384,0.000341,99.96589999999999,0,0.0,,0,False,
JPS,1000,1000,1000000,0.2,clustered,13,"(697, 254)","(510, 605)",538,True,449.16861428168875,352,5032,666.8735830462538,0.0,666.8735830462538,0.005032,99.4968,0,0.0,,0,False,
JPS,1000,1000,1000000,0.2,clustered,14,"(57, 152)","(813, 760)",1364,True,1099.9007204240827,859,11718,1332.218833034858,0.0,1332.218833034858,0.011718,98.8282,0,0.0,,0,False,
JPS,1000,1000,1000000,0.2,clustered,15,"(866, 682)","(264, 326)",958,True,768.7909806455087,636,4840,578.7985000060871,0.0,578.7985000060871,0.00484,99.516,0,0.0,,0,False,
JPS,1000,1000,1000000,0.2,clustered,16,"(505, 62)","(33, 973)",1383,True,1106.5088014386397,912,5258,3762.115291028749,0.0,3762.115291028749,0.005258,99.4742,0,0.0,,0,False,
JPS,1000,1000,1000000,0.2,clustered,17,"(168, 410)","(641, 901)",964,True,693.3666658149391,503,939,479.6883749659173,0.0,479.6883749659173,0.000939,99.9061,0,0.0,,0,False,
JPS,1000,1000,1000000,0.2,clustered,18,"(36, 763)","(122, 179)",670,True,619.62236636382,585,58,121.45974999293685,0.0,121.45974999293685,5.8e-05,99.9942,0,0.0,,0,False,
JPS,1000,1000,1000000,0.2,clustered,19,"(434, 460)","(311, 40)",543,True,470.94826817151,421,3,213.8262499938719,0.0,213.8262499938719,3e-06,99.9997,0,0.0,,0,False,
AILS,1000,1000,1000000,0.2,mixed,0,"(713, 89)","(993, 774)",965,True,800.9797974636018,686,4144,43.71941596036777,0.0,43.71941596036777,0.004144,99.5856,5731,0.005731,density_adaptive,0,False,
AILS,1000,1000,1000000,0.2,mixed,1,"(72, 656)","(705, 442)",847,True,721.6417023471806,634,3525,37.345416960306466,0.0,37.345416960306466,0.003525,99.6475,3574,0.003574,density_adaptive,0,False,
AILS,1000,1000,1000000,0.2,mixed,2,"(9, 437)","(101, 859)",514,True,460.10764773803925,423,2529,25.56412504054606,0.0,25.56412504054606,0.002529,99.7471,2769,0.002769,density_adaptive,0,False,
AILS,1000,1000,1000000,0.2,mixed,3,"(443, 86)","(776, 698)",945,True,750.5189027068416,614,4498,47.809667012188584,0.0,47.809667012188584,0.004498,99.5502,5994,0.005994,density_adaptive,0,False,
AILS,1000,1000,1000000,0.2,mixed,4,"(423, 528)","(820, 975)",844,True,620.2295808253397,463,4607,47.28395800339058,0.0,47.28395800339058,0.004607,99.5393,6599,0.006599,density_adaptive,0,False,
AILS,1000,1000,1000000,0.2,mixed,5,"(657, 718)","(97, 787)",629,True,593.5512985519697,561,2936,31.155416974797845,0.0,31.155416974797845,0.002936,99.7064,4034,0.004034,density_adaptive,0,False,
AILS,1000,1000,1000000,0.2,mixed,6,"(292, 840)","(829, 453)",924,True,698.4722215124514,540,3784,38.7654589721933,0.0,38.7654589721933,0.003784,99.6216,5554,0.005554,density_adaptive,0,False,
AILS,1000,1000,1000000,0.2,mixed,7,"(335, 502)","(747, 376)",538,True,465.0193359833589,413,2719,29.381083964835852,0.0,29.381083964835852,0.002719,99.7281,3114,0.003114,density_adaptive,0,False,
AILS,1000,1000,1000000,0.2,mixed,8,"(301, 190)","(35, 927)",1003,True,847.7665940280522,739,4135,75.53529198048636,0.0,75.53529198048636,0.004135,99.5865,6148,0.006148,density_adaptive,0,False,
AILS,1000,1000,1000000,0.2,mixed,9,"(389, 407)","(466, 823)",493,True,448.7228714272294,417,1740,19.485290977172554,0.0,19.485290977172554,0.00174,99.82600000000001,2983,0.002983,density_adaptive,0,False,
AILS,1000,1000,1000000,0.2,mixed,10,"(627, 92)","(417, 556)",674,True,551.8132752224386,465,5774,86.670792021323,0.0,86.670792021323,0.005774,99.4226,8954,0.008954,density_adaptive,2,False,
AILS,1000,1000,1000000,0.2,mixed,11,"(295, 888)","(889, 64)",1418,False,inf,0,253115,2831.562374951318,0.0,2831.562374951318,0.253115,0.0,46455,0.046455,density_adaptive,11,False,
AILS,1000,1000,1000000,0.2,mixed,12,"(796, 858)","(297, 828)",529,True,523.8528137421997,500,3123,32.47054194798693,0.0,32.47054194798693,0.003123,99.6877,4810,0.00481,density_adaptive,0,False,
AILS,1000,1000,1000000,0.2,mixed,13,"(880, 285)","(245, 633)",983,True,779.1463197047623,636,3443,35.69270798470825,0.0,35.69270798470825,0.003443,99.6557,3235,0.003235,density_adaptive,0,False,
AILS,1000,1000,1000000,0.2,mixed,14,"(423, 170)","(257, 759)",755,True,659.17366491579,591,4686,48.04333305219188,0.0,48.04333305219188,0.004686,99.5314,5272,0.005272,density_adaptive,0,False,
AILS,1000,1000,1000000,0.2,mixed,15,"(931, 701)","(59, 361)",1212,True,1013.6610383305446,873,8848,90.46833298634738,0.0,90.46833298634738,0.008848,99.1152,10644,0.010644,density_adaptive,0,False,
AILS,1000,1000,1000000,0.2,mixed,16,"(882, 68)","(928, 970)",948,True,963.1614716070619,907,11945,130.8995409635827,0.0,130.8995409635827,0.011945,98.8055,14091,0.014091,density_adaptive,1,False,
AILS,1000,1000,1000000,0.2,mixed,17,"(291, 449)","(461, 893)",614,True,514.4163056028985,445,1948,21.528958983253688,0.0,21.528958983253688,0.001948,99.8052,2638,0.002638,density_adaptive,0,False,
AILS,1000,1000,1000000,0.2,mixed,18,"(68, 761)","(42, 204)",583,True,581.0243866174596,558,4106,41.72679199837148,0.0,41.72679199837148,0.004106,99.5894,4750,0.00475,density_adaptive,0,False,
AILS,1000,1000,1000000,0.2,mixed,19,"(44, 370)","(694, 469)",749,True,698.4629867972902,651,4842,51.064416009467095,0.0,51.064416009467095,0.004842,99.5158,6137,0.006137,density_adaptive,0,False,
A*,1000,1000,1000000,0.2,mixed,0,"(713, 89)","(993, 774)",965,True,800.9797974635997,686,67934,755.2846670150757,0.0,755.2846670150757,0.067934,93.20660000000001,0,0.0,,0,False,
A*,1000,1000,1000000,0.2,mixed,1,"(72, 656)","(705, 442)",847,True,721.6417023471778,634,12406,131.4394170185551,0.0,131.4394170185551,0.012406,98.7594,0,0.0,,0,False,
A*,1000,1000,1000000,0.2,mixed,2,"(9, 437)","(101, 859)",514,True,460.1076477380385,423,886,8.471583016216755,0.0,8.471583016216755,0.000886,99.9114,0,0.0,,0,False,
A*,1000,1000,1000000,0.2,mixed,3,"(443, 86)","(776, 698)",945,True,749.9331162692096,613,23258,268.9969160128385,0.0,268.9969160128385,0.023258,97.6742,0,0.0,,0,False,
A*,1000,1000,1000000,0.2,mixed,4,"(423, 528)","(820, 975)",844,True,618.4722215124494,460,20724,227.72262495709583,0.0,227.72262495709583,0.020724,97.9276,0,0.0,,0,False,
A*,1000,1000,1000000,0.2,mixed,5,"(657, 718)","(97, 787)",629,True,589.16652224116,562,8897,92.49391598859802,0.0,92.49391598859802,0.008897,99.1103,0,0.0,,0,False,
A*,1000,1000,1000000,0.2,mixed,6,"(292, 840)","(829, 453)",924,True,697.3006486371905,538,74410,853.4813750302419,0.0,853.4813750302419,0.07441,92.559,0,0.0,,0,False,
A*,1000,1000,1000000,0.2,mixed,7,"(335, 502)","(747, 376)",538,True,464.190908858618,413,1423,13.35354201728478,0.0,13.35354201728478,0.001423,99.85770000000001,0,0.0,,0,False,
A*,1000,1000,1000000,0.2,mixed,8,"(301, 190)","(35, 927)",1003,True,847.766594028047,739,17312,176.60850001266226,0.0,176.60850001266226,0.017312,98.2688,0,0.0,,0,False,
A*,1000,1000,1000000,0.2,mixed,9,"(389, 407)","(466, 823)",493,True,447.8944443024894,417,2153,21.912875003181398,0.0,21.912875003181398,0.002153,99.7847,0,0.0,,0,False,
A*,1000,1000,1000000,0.2,mixed,10,"(627, 92)","(417, 556)",674,True,550.9848480976971,465,4081,42.133625014685094,0.0,42.133625014685094,0.004081,99.5919,0,0.0,,0,False,
A*,1000,1000,1000000,0.2,mixed,11,"(295, 888)","(889, 64)",1418,True,1090.7535341662874,825,328046,4138.399208022747,0.0,4138.399208022747,0.328046,67.19539999999999,0,0.0,,0,False,
A*,1000,1000,1000000,0.2,mixed,12,"(796, 858)","(297, 828)",529,True,522.1959594927197,500,9278,88.32850004546344,0.0,88.32850004546344,0.009278,99.0722,0,0.0,,0,False,
A*,1000,1000,1000000,0.2,mixed,13,"(880, 285)","(245, 633)",983,True,779.1463197047599,636,136753,1646.5387089992873,0.0,1646.5387089992873,0.136753,86.32469999999999,0,0.0,,0,False,
A*,1000,1000,1000000,0.2,mixed,14,"(423, 170)","(257, 759)",755,True,657.7594513534181,590,4825,45.66599999088794,0.0,45.66599999088794,0.004825,99.5175,0,0.0,,0,False,
A*,1000,1000,1000000,0.2,mixed,15,"(931, 701)","(59, 361)",1212,True,1012.8326112058022,873,152711,1752.4362920084968,0.0,1752.4362920084968,0.152711,84.7289,0,0.0,,0,False,
A*,1000,1000,1000000,0.2,mixed,16,"(882, 68)","(928, 970)",948,True,945.9066376112221,903,57233,672.2790829953738,0.0,672.2790829953738,0.057233,94.2767,0,0.0,,0,False,
A*,1000,1000,1000000,0.2,mixed,17,"(291, 449)","(461, 893)",614,True,514.4163056028972,445,1719,16.745915985666215,0.0,16.745915985666215,0.001719,99.82809999999999,0,0.0,,0,False,
A*,1000,1000,1000000,0.2,mixed,18,"(68, 761)","(42, 204)",583,True,574.3969696195397,558,22041,229.83179101720452,0.0,229.83179101720452,0.022041,97.7959,0,0.0,,0,False,
A*,1000,1000,1000000,0.2,mixed,19,"(44, 370)","(694, 469)",749,True,694.0782104864793,652,19379,189.05191699741408,0.0,189.05191699741408,0.019379,98.0621,0,0.0,,0,False,
JPS,1000,1000,1000000,0.2,mixed,0,"(713, 89)","(993, 774)",965,True,800.979797463601,686,16306,448.56487499782816,0.0,448.56487499782816,0.016306,98.3694,0,0.0,,0,False,
JPS,1000,1000,1000000,0.2,mixed,1,"(72, 656)","(705, 442)",847,True,721.6417023471785,634,3058,185.97350001800805,0.0,185.97350001800805,0.003058,99.6942,0,0.0,,0,False,
JPS,1000,1000,1000000,0.2,mixed,2,"(9, 437)","(101, 859)",514,True,460.10764773803976,423,286,94.51408399036154,0.0,94.51408399036154,0.000286,99.9714,0,0.0,,0,False,
JPS,1000,1000,1000000,0.2,mixed,3,"(443, 86)","(776, 698)",945,True,749.933116269211,613,15833,5900.748040992767,0.0,5900.748040992767,0.015833,98.4167,0,0.0,,0,False,
JPS,1000,1000,1000000,0.2,mixed,4,"(423, 528)","(820, 975)",844,True,618.4722215124496,460,9224,227.1751249791123,0.0,227.1751249791123,0.009224,99.0776,0,0.0,,0,False,
JPS,1000,1000,1000000,0.2,mixed,5,"(657, 718)","(97, 787)",629,True,589.1665222411601,562,1705,62.041333003435284,0.0,62.04133300343529,0.001705,99.82950000000001,0,0.0,,0,False,
JPS,1000,1000,1000000,0.2,mixed,6,"(292, 840)","(829, 453)",924,True,697.3006486371895,538,11658,368.7146659940481,0.0,368.7146659940481,0.011658,98.83420000000001,0,0.0,,0,False,
JPS,1000,1000,1000000,0.2,mixed,7,"(335, 502)","(747, 376)",538,True,464.1909088586199,413,1029,325.19250002224,0.0,325.19250002224,0.001029,99.89710000000001,0,0.0,,0,False,
JPS,1000,1000,1000000,0.2,mixed,8,"(301, 190)","(35, 927)",1003,True,847.7665940280489,739,1992,107.24437498720363,0.0,107.24437498720363,0.001992,99.8008,0,0.0,,0,False,
JPS,1000,1000,1000000,0.2,mixed,9,"(389, 407)","(466, 823)",493,True,447.8944443024897,417,471,45.02833297010511,0.0,45.02833297010511,0.000471,99.9529,0,0.0,,0,False,
JPS,1000,1000,1000000,0.2,mixed,10,"(627, 92)","(417, 556)",674,True,550.9848480976984,465,1015,130.61858294531703,0.0,130.61858294531703,0.001015,99.8985,0,0.0,,0,False,
JPS,1000,1000,1000000,0.2,mixed,11,"(295, 888)","(889, 64)",1418,False,inf,0,0,0,0,0,0,0.0,0,0.0,,0,True,timeout
JPS,1000,1000,1000000,0.2,mixed,12,"(796, 858)","(297, 828)",529,True,522.1959594927198,500,5746,60.36408297950402,0.0,60.36408297950402,0.005746,99.4254,0,0.0,,0,False,
JPS,1000,1000,1000000,0.2,mixed,13,"(880, 285)","(245, 633)",983,True,779.1463197047601,636,2982,645.000834017992,0.0,645.000834017992,0.002982,99.70179999999999,0,0.0,,0,False,
JPS,1000,1000,1000000,0.2,mixed,14,"(423, 170)","(257, 759)",755,True,657.7594513534186,590,3362,49.45691698230803,0.0,49.45691698230803,0.003362,99.66380000000001,0,0.0,,0,False,
JPS,1000,1000,1000000,0.2,mixed,15,"(931, 701)","(59, 361)",1212,True,1012.8326112057997,873,30347,1009.8735840292647,0.0,1009.8735840292647,0.030347,96.9653,0,0.0,,0,False,
JPS,1000,1000,1000000,0.2,mixed,16,"(882, 68)","(928, 970)",948,True,945.906637611222,903,13879,530.8191669755615,0.0,530.8191669755615,0.013879,98.6121,0,0.0,,0,False,
JPS,1000,1000,1000000,0.2,mixed,17,"(291, 449)","(461, 893)",614,True,514.4163056028997,445,633,227.94025001348928,0.0,227.94025001348928,0.000633,99.9367,0,0.0,,0,False,
JPS,1000,1000,1000000,0.2,mixed,18,"(68, 761)","(42, 204)",583,True,574.3969696195397,558,4284,100.72441602824256,0.0,100.72441602824256,0.004284,99.5716,0,0.0,,0,False,
JPS,1000,1000,1000000,0.2,mixed,19,"(44, 370)","(694, 469)",749,True,694.0782104864791,652,11971,126.52070802869275,0.0,126.52070802869275,0.011971,98.80290000000001,0,0.0,,0,False,
AILS,1000,1000,1000000,0.3,random,0,"(192, 89)","(969, 773)",1461,True,1096.1971849802153,835,10454,95.7894169841893,0.0,95.7894169841893,0.010454,98.9546,15011,0.015011,density_adaptive,0,False,
AILS,1000,1000,1000000,0.3,random,1,"(734, 654)","(24, 439)",925,True,807.097546469842,712,7061,96.15116700297222,0.0,96.15116700297222,0.007061,99.29390000000001,10891,0.010891,density_adaptive,0,False,
AILS,1000,1000,1000000,0.3,random,2,"(127, 433)","(451, 858)",749,True,567.4062043346986,440,5191,48.822583979927,0.0,48.822583979927,0.005191,99.4809,7864,0.007864,density_adaptive,0,False,
AILS,1000,1000,1000000,0.3,random,3,"(939, 85)","(445, 697)",1106,True,831.5088014386445,637,7675,72.24099995801225,0.0,72.24099995801225,0.007675,99.2325,11495,0.011495,density_adaptive,0,False,
AILS,1000,1000,1000000,0.3,random,4,"(657, 201)","(147, 94)",617,True,572.5462479178693,511,5635,49.431332969106734,0.0,49.431332969106734,0.005635,99.43650000000001,7922,0.007922,density_adaptive,0,False,
AILS,1000,1000,1000000,0.3,random,5,"(711, 526)","(679, 975)",481,True,496.2203461101791,450,4629,41.35495802620426,0.0,41.35495802620426,0.004629,99.5371,7005,0.007005,density_adaptive,0,False,
AILS,1000,1000,1000000,0.3,random,6,"(846, 735)","(156, 761)",716,True,750.4751801060208,691,7175,65.1171249919571,0.0,65.1171249919571,0.007175,99.2825,10368,0.010368,density_adaptive,0,False,
AILS,1000,1000,1000000,0.3,random,7,"(624, 717)","(37, 786)",656,True,646.23253941891,588,6125,54.72904199268669,0.0,54.72904199268669,0.006125,99.38749999999999,9048,0.009048,density_adaptive,0,False,
AILS,1000,1000,1000000,0.3,random,8,"(480, 513)","(156, 128)",709,True,530.335136522848,405,4659,42.46670799329877,0.0,42.46670799329877,0.004659,99.53410000000001,7363,0.007363,density_adaptive,0,False,
AILS,1000,1000,1000000,0.3,random,9,"(572, 839)","(520, 450)",441,True,431.83556979936935,391,3947,36.47283301688731,0.0,36.47283301688731,0.003947,99.6053,6096,0.006096,density_adaptive,0,False,
AILS,1000,1000,1000000,0.3,random,10,"(486, 500)","(896, 370)",540,True,471.0609665436488,412,4296,40.10191705310717,0.0,40.10191705310717,0.004296,99.5704,6448,0.006448,density_adaptive,0,False,
AILS,1000,1000,1000000,0.3,random,11,"(699, 182)","(738, 926)",783,True,819.8010819137111,745,7550,67.75774998823181,0.0,67.75774998823181,0.00755,99.245,11225,0.011225,density_adaptive,0,False,
AILS,1000,1000,1000000,0.3,random,12,"(521, 781)","(43, 644)",615,True,545.2741699791989,480,4734,42.40187502000481,0.0,42.40187502000481,0.004734,99.5266,7693,0.007693,density_adaptive,0,False,
AILS,1000,1000,1000000,0.3,random,13,"(424, 402)","(685, 822)",681,True,532.7960312796082,429,5022,46.703208005055785,0.0,46.703208005055785,0.005022,99.4978,7467,0.007467,density_adaptive,0,False,
AILS,1000,1000,1000000,0.3,random,14,"(112, 92)","(765, 554)",1115,True,853.7392488170245,670,7496,71.48220797535032,0.0,71.48220797535032,0.007496,99.2504,11816,0.011816,density_adaptive,0,False,
AILS,1000,1000,1000000,0.3,random,15,"(764, 887)","(824, 63)",884,True,899.9726547889725,826,8589,76.98120799614117,0.0,76.98120799614117,0.008589,99.14110000000001,12455,0.012455,density_adaptive,0,False,
AILS,1000,1000,1000000,0.3,random,16,"(4, 277)","(772, 631)",1122,True,918.0458146413539,772,8445,111.15262500243261,0.0,111.15262500243261,0.008445,99.15549999999999,12430,0.01243,density_adaptive,0,False,
AILS,1000,1000,1000000,0.3,random,17,"(398, 165)","(141, 758)",850,True,702.5239533409409,595,5990,57.64070799341425,0.0,57.64070799341425,0.00599,99.401,9903,0.009903,density_adaptive,0,False,
AILS,1000,1000,1000000,0.3,random,18,"(610, 700)","(699, 354)",435,True,391.73506473595927,348,3446,30.892666953150183,0.0,30.89266695315018,0.003446,99.6554,5508,0.005508,density_adaptive,0,False,
AILS,1000,1000,1000000,0.3,random,19,"(944, 67)","(765, 970)",1082,True,1007.7960312796133,904,9638,85.11608297703788,0.0,85.11608297703788,0.009638,99.0362,13878,0.013878,density_adaptive,0,False,
A*,1000,1000,1000000,0.3,random,0,"(192, 89)","(969, 773)",1461,True,1093.0256121049554,831,72983,751.6089999699034,0.0,751.6089999699034,0.072983,92.7017,0,0.0,,0,False,
A*,1000,1000,1000000,0.3,random,1,"(734, 654)","(24, 439)",925,True,804.6122650956221,712,45387,461.21450001373887,0.0,461.21450001373887,0.045387,95.46130000000001,0,0.0,,0,False,
A*,1000,1000,1000000,0.3,random,2,"(127, 433)","(451, 858)",749,True,566.2346314594383,438,17336,161.4270830177702,0.0,161.4270830177702,0.017336,98.2664,0,0.0,,0,False,
A*,1000,1000,1000000,0.3,random,3,"(939, 85)","(445, 697)",1106,True,830.094587876274,636,37190,358.81770798005164,0.0,358.81770798005164,0.03719,96.28099999999999,0,0.0,,0,False,
A*,1000,1000,1000000,0.3,random,4,"(657, 201)","(147, 94)",617,True,568.9898987317994,512,30202,307.3599159833975,0.0,307.3599159833975,0.030202,96.97980000000001,0,0.0,,0,False,
A*,1000,1000,1000000,0.3,random,5,"(711, 526)","(679, 975)",481,True,492.66399692410926,451,21746,201.0415840195492,0.0,201.0415840195492,0.021746,97.8254,0,0.0,,0,False,
A*,1000,1000,1000000,0.3,random,6,"(846, 735)","(156, 761)",716,True,748.8183258565408,691,46556,478.93995797494426,0.0,478.93995797494426,0.046556,95.3444,0,0.0,,0,False,
A*,1000,1000,1000000,0.3,random,7,"(624, 717)","(37, 786)",656,True,644.5756851694305,588,37509,348.39887503767386,0.0,348.39887503767386,0.037509,96.2491,0,0.0,,0,False,
A*,1000,1000,1000000,0.3,random,8,"(480, 513)","(156, 128)",709,True,530.335136522848,405,14469,135.49120799871162,0.0,135.49120799871162,0.014469,98.5531,0,0.0,,0,False,
A*,1000,1000,1000000,0.3,random,9,"(572, 839)","(520, 450)",441,True,429.3502884251495,391,16277,181.25508300727233,0.0,181.25508300727233,0.016277,98.3723,0,0.0,,0,False,
A*,1000,1000,1000000,0.3,random,10,"(486, 500)","(896, 370)",540,True,470.23253941890886,412,18856,175.3955840249546,0.0,175.3955840249546,0.018856,98.1144,0,0.0,,0,False,
A*,1000,1000,1000000,0.3,random,11,"(699, 182)","(738, 926)",783,True,809.617315729721,746,53110,531.508624961134,0.0,531.508624961134,0.05311,94.68900000000001,0,0.0,,0,False,
A*,1000,1000,1000000,0.3,random,12,"(521, 781)","(43, 644)",615,True,542.203102167349,479,23504,213.7451660237275,0.0,213.7451660237275,0.023504,97.6496,0,0.0,,0,False,
A*,1000,1000,1000000,0.3,random,13,"(424, 402)","(685, 822)",681,True,532.6955262161982,426,19912,184.6482089604251,0.0,184.6482089604251,0.019912,98.0088,0,0.0,,0,False,
A*,1000,1000,1000000,0.3,random,14,"(112, 92)","(765, 554)",1115,True,852.2245301912448,666,38937,398.6318749957718,0.0,398.6318749957718,0.038937,96.1063,0,0.0,,0,False,
A*,1000,1000,1000000,0.3,random,15,"(764, 887)","(824, 63)",884,True,896.6589462900122,826,67535,680.8224160340615,0.0,680.8224160340615,0.067535,93.2465,0,0.0,,0,False,
A*,1000,1000,1000000,0.3,random,16,"(4, 277)","(772, 631)",1122,True,918.0458146413539,772,59538,577.7109580230899,0.0,577.7109580230899,0.059538,94.0462,0,0.0,,0,False,
A*,1000,1000,1000000,0.3,random,17,"(398, 165)","(141, 758)",850,True,702.5239533409409,595,27615,345.7050420111045,0.0,345.7050420111045,0.027615,97.2385,0,0.0,,0,False,
A*,1000,1000,1000000,0.3,random,18,"(610, 700)","(699, 354)",435,True,390.3208511735896,347,12391,117.16216703644022,0.0,117.16216703644022,0.012391,98.76089999999999,0,0.0,,0,False,
A*,1000,1000,1000000,0.3,random,19,"(944, 67)","(765, 970)",1082,True,996.1980515332536,904,78833,796.7404579976574,0.0,796.7404579976574,0.078833,92.1167,0,0.0,,0,False,
JPS,1000,1000,1000000,0.3,random,0,"(192, 89)","(969, 773)",1461,True,1093.0256121049517,831,51433,555.1400419790298,0.0,555.1400419790298,0.051433,94.8567,0,0.0,,0,False,
JPS,1000,1000,1000000,0.3,random,1,"(734, 654)","(24, 439)",925,True,804.6122650956208,712,35054,388.36224999977276,0.0,388.36224999977276,0.035054,96.49459999999999,0,0.0,,0,False,
JPS,1000,1000,1000000,0.3,random,2,"(127, 433)","(451, 858)",749,True,566.2346314594387,438,11960,118.6955840094015,0.0,118.6955840094015,0.01196,98.804,0,0.0,,0,False,
JPS,1000,1000,1000000,0.3,random,3,"(939, 85)","(445, 697)",1106,True,830.0945878762717,636,27373,428.0352090136148,0.0,428.0352090136148,0.027373,97.2627,0,0.0,,0,False,
JPS,1000,1000,1000000,0.3,random,4,"(657, 201)","(147, 94)",617,True,568.9898987317993,512,20958,217.88199996808544,0.0,217.88199996808544,0.020958,97.9042,0,0.0,,0,False,
JPS,1000,1000,1000000,0.3,random,5,"(711, 526)","(679, 975)",481,True,492.66399692410937,451,14753,190.684582979884,0.0,190.684582979884,0.014753,98.5247,0,0.0,,0,False,
JPS,1000,1000,1000000,0.3,random,6,"(846, 735)","(156, 761)",716,True,748.8183258565405,691,32080,390.18616697285324,0.0,390.18616697285324,0.03208,96.792,0,0.0,,0,False,
JPS,1000,1000,1000000,0.3,random,7,"(624, 717)","(37, 786)",656,True,644.5756851694304,588,26037,279.1872499510646,0.0,279.1872499510646,0.026037,97.3963,0,0.0,,0,False,
JPS,1000,1000,1000000,0.3,random,8,"(480, 513)","(156, 128)",709,True,530.335136522848,405,10413,103.0539590283297,0.0,103.0539590283297,0.010413,98.9587,0,0.0,,0,False,
JPS,1000,1000,1000000,0.3,random,9,"(572, 839)","(520, 450)",441,True,429.3502884251495,391,10713,137.77312502497807,0.0,137.77312502497807,0.010713,98.9287,0,0.0,,0,False,
JPS,1000,1000,1000000,0.3,random,10,"(486, 500)","(896, 370)",540,True,470.2325394189089,412,12886,126.14712497452274,0.0,126.14712497452274,0.012886,98.7114,0,0.0,,0,False,
JPS,1000,1000,1000000,0.3,random,11,"(699, 182)","(738, 926)",783,True,809.6173157297209,746,36446,405.00612498726696,0.0,405.00612498726696,0.036446,96.3554,0,0.0,,0,False,
JPS,1000,1000,1000000,0.3,random,12,"(521, 781)","(43, 644)",615,True,542.2031021673489,479,17143,204.99158301390707,0.0,204.99158301390707,0.017143,98.28569999999999,0,0.0,,0,False,
JPS,1000,1000,1000000,0.3,random,13,"(424, 402)","(685, 822)",681,True,532.6955262161982,426,15083,188.97279200609773,0.0,188.97279200609773,0.015083,98.49170000000001,0,0.0,,0,False,
JPS,1000,1000,1000000,0.3,random,14,"(112, 92)","(765, 554)",1115,True,852.2245301912412,666,29086,288.5685410001315,0.0,288.5685410001315,0.029086,97.09140000000001,0,0.0,,0,False,
JPS,1000,1000,1000000,0.3,random,15,"(764, 887)","(824, 63)",884,True,896.6589462900116,826,47111,658.3641659817658,0.0,658.3641659817658,0.047111,95.2889,0,0.0,,0,False,
JPS,1000,1000,1000000,0.3,random,16,"(4, 277)","(772, 631)",1122,True,918.045814641352,772,42555,615.5499590095133,0.0,615.5499590095133,0.042555,95.7445,0,0.0,,0,False,
JPS,1000,1000,1000000,0.3,random,17,"(398, 165)","(141, 758)",850,True,702.5239533409401,595,20440,242.9038750124164,0.0,242.9038750124164,0.02044,97.956,0,0.0,,0,False,
JPS,1000,1000,1000000,0.3,random,18,"(610, 700)","(699, 354)",435,True,390.32085117358963,347,8631,83.06562498910353,0.0,83.06562498910353,0.008631,99.1369,0,0.0,,0,False,
JPS,1000,1000,1000000,0.3,random,19,"(944, 67)","(765, 970)",1082,True,996.1980515332523,904,56133,712.5352500006557,0.0,712.5352500006557,0.056133,94.3867,0,0.0,,0,False,
AILS,1000,1000,1000000,0.3,clustered,0,"(573, 99)","(88, 790)",1176,False,inf,0,72898,925.8823330164887,0.0,925.8823330164887,0.072898,0.0,42924,0.042924,density_adaptive,11,False,
AILS,1000,1000,1000000,0.3,clustered,1,"(872, 667)","(127, 487)",925,True,819.5584412266014,746,4460,48.335083993151784,0.0,48.335083993151784,0.00446,99.554,4428,0.004428,density_adaptive,0,False,
AILS,1000,1000,1000000,0.3,clustered,2,"(294, 482)","(820, 877)",921,False,inf,0,111017,1390.0597090250812,0.0,1390.0597090250812,0.111017,0.0,35653,0.035653,density_adaptive,11,False,
AILS,1000,1000,1000000,0.3,clustered,3,"(121, 95)","(114, 709)",621,True,654.1370849895986,622,56308,733.7387920124456,0.0,733.7387920124456,0.056308,94.36919999999999,23554,0.023554,density_adaptive,7,False,
AILS,1000,1000,1000000,0.3,clustered,4,"(330, 559)","(907, 979)",997,False,inf,0,92909,1135.9244999475777,0.0,1135.9244999475777,0.092909,0.0,38259,0.038259,density_adaptive,11,False,
AILS,1000,1000,1000000,0.3,clustered,5,"(920, 748)","(198, 776)",750,False,inf,0,52383,665.3529169852845,0.0,665.3529169852845,0.052383,0.0,44755,0.044755,density_adaptive,11,False,
AILS,1000,1000,1000000,0.3,clustered,6,"(578, 729)","(165, 803)",487,False,inf,0,99,172.5374169764109,0.0,172.5374169764109,9.9e-05,0.0,23442,0.023442,density_adaptive,11,False,
AILS,1000,1000,1000000,0.3,clustered,7,"(407, 548)","(528, 153)",516,True,454.09040379520883,400,2835,28.044542006682605,0.0,28.044542006682605,0.002835,99.7165,3804,0.003804,density_adaptive,0,False,
AILS,1000,1000,1000000,0.3,clustered,8,"(252, 859)","(612, 496)",723,True,512.1168824531969,364,1073,13.34866601973772,0.0,13.34866601973772,0.001073,99.8927,1828,0.001828,base,0,False,
AILS,1000,1000,1000000,0.3,clustered,9,"(384, 227)","(351, 939)",745,False,inf,0,612,214.2776669934392,0.0,214.2776669934392,0.000612,0.0,42533,0.042533,density_adaptive,11,False,
AILS,1000,1000,1000000,0.3,clustered,10,"(773, 456)","(18, 842)",1141,True,914.8864350748242,756,3813,79.95529100298882,0.0,79.95529100298882,0.003813,99.6187,3788,0.003788,base,0,False,
AILS,1000,1000,1000000,0.3,clustered,11,"(445, 103)","(495, 582)",529,False,inf,0,22,163.71075005736202,0.0,163.71075005736202,2.2e-05,0.0,30389,0.030389,density_adaptive,11,False,
AILS,1000,1000,1000000,0.3,clustered,12,"(192, 905)","(996, 66)",1643,False,inf,0,238870,2922.0460419892333,0.0,2922.0460419892333,0.23887,0.0,49768,0.049768,density_adaptive,11,False,
AILS,1000,1000,1000000,0.3,clustered,13,"(426, 877)","(996, 846)",601,False,inf,0,65937,828.2089999993332,0.0,828.2089999993332,0.065937,0.0,34515,0.034515,density_adaptive,11,False,
AILS,1000,1000,1000000,0.3,clustered,14,"(926, 329)","(212, 647)",1032,True,845.7199128336629,715,3698,38.24525000527501,0.0,38.24525000527501,0.003698,99.6302,3583,0.003583,base,0,False,
AILS,1000,1000,1000000,0.3,clustered,15,"(10, 205)","(960, 772)",1517,True,1188.0306627390476,955,131345,1697.546000010334,0.0,1697.546000010334,0.131345,86.8655,48127,0.048127,density_adaptive,10,False,
AILS,1000,1000,1000000,0.3,clustered,16,"(263, 712)","(797, 411)",835,True,658.6782822733703,535,2688,31.410459021572024,0.0,31.410459021572027,0.002688,99.7312,2683,0.002683,base,0,False,
AILS,1000,1000,1000000,0.3,clustered,17,"(35, 72)","(848, 975)",1716,False,inf,0,160185,2296.5695000020787,0.0,2296.5695000020787,0.160185,0.0,58959,0.058959,density_adaptive,11,False,
AILS,1000,1000,1000000,0.3,clustered,18,"(739, 492)","(944, 909)",622,True,501.91378028584825,418,1487,17.557250044774264,0.0,17.557250044774264,0.001487,99.8513,2098,0.002098,base,0,False,
AILS,1000,1000,1000000,0.3,clustered,19,"(935, 774)","(244, 242)",1223,False,inf,0,193638,2319.8595410212874,0.0,2319.8595410212874,0.193638,0.0,40287,0.040287,density_adaptive,11,False,
A*,1000,1000,1000000,0.3,clustered,0,"(573, 99)","(88, 790)",1176,True,891.8935777494557,692,49434,574.5497079915367,0.0,574.5497079915367,0.049434,95.0566,0,0.0,,0,False,
A*,1000,1000,1000000,0.3,clustered,1,"(872, 667)","(127, 487)",925,True,819.5584412265973,746,4867,49.30512502323836,0.0,49.30512502323836,0.004867,99.5133,0,0.0,,0,False,
A*,1000,1000,1000000,0.3,clustered,2,"(294, 482)","(820, 877)",921,True,783.3229432141203,670,168952,2098.0504999752156,0.0,2098.0504999752156,0.168952,83.1048,0,0.0,,0,False,
A*,1000,1000,1000000,0.3,clustered,3,"(121, 95)","(114, 709)",621,True,643.4091629282689,615,23778,243.6614169855602,0.0,243.6614169855602,0.023778,97.6222,0,0.0,,0,False,
A*,1000,1000,1000000,0.3,clustered,4,"(330, 559)","(907, 979)",997,True,801.3473298315788,664,110637,1316.1674580187537,0.0,1316.1674580187537,0.110637,88.9363,0,0.0,,0,False,
A*,1000,1000,1000000,0.3,clustered,5,"(920, 748)","(198, 776)",750,True,828.6244584043492,724,58555,629.8887910088524,0.0,629.8887910088524,0.058555,94.1445,0,0.0,,0,False,
A*,1000,1000,1000000,0.3,clustered,6,"(578, 729)","(165, 803)",487,False,inf,0,9,0.0770839978940785,0.0,0.0770839978940785,9e-06,0.0,0,0.0,,0,False,
A*,1000,1000,1000000,0.3,clustered,7,"(407, 548)","(528, 153)",516,True,454.0904037952082,400,78475,918.8865420292132,0.0,918.8865420292132,0.078475,92.1525,0,0.0,,0,False,
A*,1000,1000,1000000,0.3,clustered,8,"(252, 859)","(612, 496)",723,True,512.1168824531969,364,1142,12.226999970152974,0.0,12.226999970152974,0.001142,99.8858,0,0.0,,0,False,
A*,1000,1000,1000000,0.3,clustered,9,"(384, 227)","(351, 939)",745,False,inf,0,56,0.2923330175690353,0.0,0.2923330175690353,5.6e-05,0.0,0,0.0,,0,False,
A*,1000,1000,1000000,0.3,clustered,10,"(773, 456)","(18, 842)",1141,True,914.8864350748199,756,718429,8386.442666000221,0.0,8386.442666000221,0.718429,28.1571,0,0.0,,0,False,
A*,1000,1000,1000000,0.3,clustered,11,"(445, 103)","(495, 582)",529,False,inf,0,2,0.024250010028481483,0.0,0.024250010028481483,2e-06,0.0,0,0.0,,0,False,
A*,1000,1000,1000000,0.3,clustered,12,"(192, 905)","(996, 66)",1643,True,1219.9616869677307,919,139887,1932.9020419972949,0.0,1932.9020419972949,0.139887,86.0113,0,0.0,,0,False,
A*,1000,1000,1000000,0.3,clustered,13,"(426, 877)","(996, 846)",601,True,632.5462479178682,571,28451,284.30441598175094,0.0,284.30441598175094,0.028451,97.1549,0,0.0,,0,False,
A*,1000,1000,1000000,0.3,clustered,14,"(926, 329)","(212, 647)",1032,True,845.7199128336595,715,133980,1541.0107080242597,0.0,1541.0107080242597,0.13398,86.602,0,0.0,,0,False,
A*,1000,1000,1000000,0.3,clustered,15,"(10, 205)","(960, 772)",1517,True,1184.8590898637824,951,262161,3050.9672079933807,0.0,3050.9672079933807,0.262161,73.7839,0,0.0,,0,False,
A*,1000,1000,1000000,0.3,clustered,16,"(263, 712)","(797, 411)",835,True,658.6782822733699,535,8223,86.40766597818583,0.0,86.40766597818583,0.008223,99.1777,0,0.0,,0,False,
A*,1000,1000,1000000,0.3,clustered,17,"(35, 72)","(848, 975)",1716,True,1336.8956697899855,1067,235630,3164.81508302968,0.0,3164.81508302968,0.23563,76.437,0,0.0,,0,False,
A*,1000,1000,1000000,0.3,clustered,18,"(739, 492)","(944, 909)",622,True,501.9137802858471,418,4176,40.263041970320046,0.0,40.263041970320046,0.004176,99.5824,0,0.0,,0,False,
A*,1000,1000,1000000,0.3,clustered,19,"(935, 774)","(244, 242)",1223,True,914.1900423055832,694,183198,2156.1914589838125,0.0,2156.1914589838125,0.183198,81.6802,0,0.0,,0,False,
JPS,1000,1000,1000000,0.3,clustered,0,"(573, 99)","(88, 790)",1176,True,891.8935777494492,692,1844,506.5718329860829,0.0,506.57183298608294,0.001844,99.8156,0,0.0,,0,False,
JPS,1000,1000,1000000,0.3,clustered,1,"(872, 667)","(127, 487)",925,True,819.5584412265996,746,689,271.6906250570901,0.0,271.6906250570901,0.000689,99.9311,0,0.0,,0,False,
JPS,1000,1000,1000000,0.3,clustered,2,"(294, 482)","(820, 877)",921,True,783.3229432141209,670,15906,647.0501670264639,0.0,647.0501670264639,0.015906,98.4094,0,0.0,,0,False,
JPS,1000,1000,1000000,0.3,clustered,3,"(121, 95)","(114, 709)",621,True,643.409162928269,615,1188,79.7547500114888,0.0,79.7547500114888,0.001188,99.8812,0,0.0,,0,False,
JPS,1000,1000,1000000,0.3,clustered,4,"(330, 559)","(907, 979)",997,True,801.3473298315782,664,8346,477.73991600843146,0.0,477.73991600843146,0.008346,99.1654,0,0.0,,0,False,
JPS,1000,1000,1000000,0.3,clustered,5,"(920, 748)","(198, 776)",750,True,828.6244584043484,724,8930,518.9158749999478,0.0,518.9158749999478,0.00893,99.107,0,0.0,,0,False,
JPS,1000,1000,1000000,0.3,clustered,6,"(578, 729)","(165, 803)",487,False,inf,0,2,0.02820801455527544,0.0,0.02820801455527544,2e-06,0.0,0,0.0,,0,False,
JPS,1000,1000,1000000,0.3,clustered,7,"(407, 548)","(528, 153)",516,True,454.0904037952087,400,6163,1374.1091660340317,0.0,1374.1091660340317,0.006163,99.38369999999999,0,0.0,,0,False,
JPS,1000,1000,1000000,0.3,clustered,8,"(252, 859)","(612, 496)",723,True,512.1168824531994,364,271,356.580582971219,0.0,356.580582971219,0.000271,99.9729,0,0.0,,0,False,
JPS,1000,1000,1000000,0.3,clustered,9,"(384, 227)","(351, 939)",745,False,inf,0,37,0.23845798568800092,0.0,0.2384579856880009,3.7e-05,0.0,0,0.0,,0,False,
JPS,1000,1000,1000000,0.3,clustered,10,"(773, 456)","(18, 842)",1141,True,914.8864350748194,756,251,472.9350830311887,0.0,472.9350830311887,0.000251,99.9749,0,0.0,,0,False,
JPS,1000,1000,1000000,0.3,clustered,11,"(445, 103)","(495, 582)",529,False,inf,0,1,0.01091696321964264,0.0,0.01091696321964264,1e-06,0.0,0,0.0,,0,False,
JPS,1000,1000,1000000,0.3,clustered,12,"(192, 905)","(996, 66)",1643,True,1219.9616869677288,919,4971,671.895166975446,0.0,671.895166975446,0.004971,99.50290000000001,0,0.0,,0,False,
JPS,1000,1000,1000000,0.3,clustered,13,"(426, 877)","(996, 846)",601,True,632.5462479178689,571,6590,251.84974999865517,0.0,251.84974999865514,0.00659,99.34100000000001,0,0.0,,0,False,
JPS,1000,1000,1000000,0.3,clustered,14,"(926, 329)","(212, 647)",1032,True,845.7199128336597,715,4620,2620.88495795615,0.0,2620.88495795615,0.00462,99.53800000000001,0,0.0,,0,False,
JPS,1000,1000,1000000,0.3,clustered,15,"(10, 205)","(960, 772)",1517,True,1184.8590898637885,951,4783,817.0096660032868,0.0,817.0096660032868,0.004783,99.5217,0,0.0,,0,False,
JPS,1000,1000,1000000,0.3,clustered,16,"(263, 712)","(797, 411)",835,True,658.6782822733691,535,297,363.70033398270607,0.0,363.70033398270607,0.000297,99.9703,0,0.0,,0,False,
JPS,1000,1000,1000000,0.3,clustered,17,"(35, 72)","(848, 975)",1716,True,1336.895669789976,1067,28997,13979.099625023082,0.0,13979.099625023082,0.028997,97.10029999999999,0,0.0,,0,False,
JPS,1000,1000,1000000,0.3,clustered,18,"(739, 492)","(944, 909)",622,True,501.9137802858497,418,708,132.71750003332272,0.0,132.71750003332272,0.000708,99.9292,0,0.0,,0,False,
JPS,1000,1000,1000000,0.3,clustered,19,"(935, 774)","(244, 242)",1223,True,914.1900423055832,694,17875,16433.225042012054,0.0,16433.225042012054,0.017875,98.2125,0,0.0,,0,False,
AILS,1000,1000,1000000,0.3,mixed,0,"(780, 84)","(91, 775)",1380,True,988.6946596631692,713,3590,40.61883396934718,0.0,40.61883396934718,0.00359,99.641,5979,0.005979,density_adaptive,0,False,
AILS,1000,1000,1000000,0.3,mixed,1,"(936, 436)","(216, 859)",1143,True,904.6265504448849,730,6381,59.15470904437825,0.0,59.15470904437825,0.006381,99.3619,8656,0.008656,density_adaptive,0,False,
AILS,1000,1000,1000000,0.3,mixed,2,"(630, 81)","(565, 698)",682,True,661.6639969241106,620,4490,43.95137500250712,0.0,43.95137500250712,0.00449,99.551,5562,0.005562,density_adaptive,0,False,
AILS,1000,1000,1000000,0.3,mixed,3,"(100, 195)","(501, 89)",507,True,454.8477631080989,402,3938,35.34420800860971,0.0,35.34420800860971,0.003938,99.6062,6229,0.006229,density_adaptive,0,False,
AILS,1000,1000,1000000,0.3,mixed,4,"(385, 528)","(998, 975)",1060,True,818.3128419459235,647,6955,62.43233400164172,0.0,62.43233400164172,0.006955,99.30449999999999,11065,0.011065,density_adaptive,0,False,
AILS,1000,1000,1000000,0.3,mixed,5,"(924, 736)","(368, 762)",582,True,613.1614716070591,557,4967,44.51720794895664,0.0,44.51720794895664,0.004967,99.5033,8153,0.008153,density_adaptive,0,False,
AILS,1000,1000,1000000,0.3,mixed,6,"(191, 515)","(675, 121)",878,True,654.8153672629707,498,4426,43.66174997994676,0.0,43.66174997994676,0.004426,99.5574,6433,0.006433,density_adaptive,0,False,
AILS,1000,1000,1000000,0.3,mixed,7,"(379, 840)","(470, 454)",477,True,424.5218613004093,387,1900,20.73054196080193,0.0,20.73054196080193,0.0019,99.81,2570,0.00257,density_adaptive,0,False,
AILS,1000,1000,1000000,0.3,mixed,8,"(349, 502)","(881, 370)",664,True,606.1736649157891,538,8206,137.33975001377985,0.0,137.33975001377985,0.008206,99.1794,8405,0.008405,density_adaptive,1,False,
AILS,1000,1000,1000000,0.3,mixed,9,"(9, 175)","(34, 927)",777,True,790.2792206132999,754,5042,82.08712498890236,0.0,82.08712498890236,0.005042,99.4958,7058,0.007058,density_adaptive,0,False,
AILS,1000,1000,1000000,0.3,mixed,10,"(109, 405)","(683, 823)",992,True,754.5554826330323,582,4955,49.72837498644367,0.0,49.72837498644367,0.004955,99.5045,7794,0.007794,density_adaptive,0,False,
AILS,1000,1000,1000000,0.3,mixed,11,"(549, 87)","(338, 556)",680,True,559.4701294719187,471,3661,35.68841703236103,0.0,35.68841703236103,0.003661,99.6339,5776,0.005776,density_adaptive,0,False,
AILS,1000,1000,1000000,0.3,mixed,12,"(331, 888)","(629, 60)",1126,True,952.8498551486339,830,4437,47.907874977681786,0.0,47.907874977681786,0.004437,99.5563,5288,0.005288,density_adaptive,0,False,
AILS,1000,1000,1000000,0.3,mixed,13,"(950, 858)","(470, 828)",510,True,535.5046173575788,481,4584,41.126207972411066,0.0,41.126207972411066,0.004584,99.5416,7738,0.007738,density_adaptive,0,False,
AILS,1000,1000,1000000,0.3,mixed,14,"(373, 278)","(986, 632)",967,True,762.4600282037221,616,5717,56.54295795829967,0.0,56.54295795829967,0.005717,99.42830000000001,8123,0.008123,density_adaptive,0,False,
AILS,1000,1000,1000000,0.3,mixed,15,"(360, 157)","(334, 759)",628,True,638.4507934885595,603,4297,41.58579197246581,0.0,41.58579197246581,0.004297,99.5703,6722,0.006722,density_adaptive,0,False,
AILS,1000,1000,1000000,0.3,mixed,16,"(737, 701)","(858, 353)",469,True,407.2325394189093,349,2523,24.11445800680667,0.0,24.11445800680667,0.002523,99.7477,5396,0.005396,density_adaptive,0,False,
AILS,1000,1000,1000000,0.3,mixed,17,"(485, 64)","(135, 971)",1257,True,1055.6316010789837,910,6779,64.44862502394244,0.0,64.44862502394244,0.006779,99.3221,9574,0.009574,density_adaptive,0,False,
AILS,1000,1000,1000000,0.3,mixed,18,"(748, 449)","(443, 893)",749,True,582.778787336779,462,4353,41.4652909967117,0.0,41.4652909967117,0.004353,99.56469999999999,7294,0.007294,density_adaptive,0,False,
AILS,1000,1000,1000000,0.3,mixed,19,"(177, 761)","(752, 187)",1149,False,inf,0,163814,2214.199665992055,0.0,2214.199665992055,0.163814,0.0,35598,0.035598,density_adaptive,11,False,
A*,1000,1000,1000000,0.3,mixed,0,"(780, 84)","(91, 775)",1380,True,988.6946596631692,713,18866,236.83458397863433,0.0,236.83458397863433,0.018866,98.1134,0,0.0,,0,False,
A*,1000,1000,1000000,0.3,mixed,1,"(936, 436)","(216, 859)",1143,True,897.7981233201474,724,48081,536.9128339807503,0.0,536.9128339807503,0.048081,95.19189999999999,0,0.0,,0,False,
A*,1000,1000,1000000,0.3,mixed,2,"(630, 81)","(565, 698)",682,True,653.0365799261909,618,81851,905.5327500100248,0.0,905.5327500100248,0.081851,91.8149,0,0.0,,0,False,
A*,1000,1000,1000000,0.3,mixed,3,"(100, 195)","(501, 89)",507,True,452.36248173387895,402,16449,173.82862500380725,0.0,173.82862500380725,0.016449,98.3551,0,0.0,,0,False,
A*,1000,1000,1000000,0.3,mixed,4,"(385, 528)","(998, 975)",1060,True,811.8691911319935,636,55202,526.0534580447711,0.0,526.0534580447711,0.055202,94.4798,0,0.0,,0,False,
A*,1000,1000,1000000,0.3,mixed,5,"(924, 736)","(368, 762)",582,True,604.8772003596591,557,20412,199.5822080061771,0.0,199.5822080061771,0.020412,97.9588,0,0.0,,0,False,
A*,1000,1000,1000000,0.3,mixed,6,"(191, 515)","(675, 121)",878,True,649.5432893243008,489,12354,114.5246250089258,0.0,114.5246250089258,0.012354,98.7646,0,0.0,,0,False,
A*,1000,1000,1000000,0.3,mixed,7,"(379, 840)","(470, 454)",477,True,423.6934341756685,387,1986,19.60308401612565,0.0,19.60308401612565,0.001986,99.8014,0,0.0,,0,False,
A*,1000,1000,1000000,0.3,mixed,8,"(349, 502)","(881, 370)",664,True,590.8183258565373,533,75331,833.4775000112131,0.0,833.4775000112131,0.075331,92.4669,0,0.0,,0,False,
A*,1000,1000,1000000,0.3,mixed,9,"(9, 175)","(34, 927)",777,True,782.8233764906397,754,10948,93.72970799449831,0.0,93.72970799449831,0.010948,98.90520000000001,0,0.0,,0,False,
A*,1000,1000,1000000,0.3,mixed,10,"(109, 405)","(683, 823)",992,True,750.5554826330308,578,35569,424.7560000512749,0.0,424.7560000512749,0.035569,96.4431,0,0.0,,0,False,
A*,1000,1000,1000000,0.3,mixed,11,"(549, 87)","(338, 556)",680,True,556.3990616600685,470,15949,190.50625001545995,0.0,190.50625001545995,0.015949,98.4051,0,0.0,,0,False,
A*,1000,1000,1000000,0.3,mixed,12,"(331, 888)","(629, 60)",1126,True,951.4356415862597,829,136676,1487.3595839599147,0.0,1487.3595839599147,0.136676,86.33239999999999,0,0.0,,0,False,
A*,1000,1000,1000000,0.3,mixed,13,"(950, 858)","(470, 828)",510,True,534.6761902328388,481,24345,203.8025829824619,0.0,203.8025829824619,0.024345,97.5655,0,0.0,,0,False,
A*,1000,1000,1000000,0.3,mixed,14,"(373, 278)","(986, 632)",967,True,761.6316010789812,616,55925,630.6417919695377,0.0,630.6417919695377,0.055925,94.4075,0,0.0,,0,False,
A*,1000,1000,1000000,0.3,mixed,15,"(360, 157)","(334, 759)",628,True,635.1370849895995,603,14481,129.21470805304125,0.0,129.21470805304125,0.014481,98.5519,0,0.0,,0,False,
A*,1000,1000,1000000,0.3,mixed,16,"(737, 701)","(858, 353)",469,True,401.53405460914024,352,2898,24.70925002126023,0.0,24.70925002126023,0.002898,99.7102,0,0.0,,0,False,
A*,1000,1000,1000000,0.3,mixed,17,"(485, 64)","(135, 971)",1257,True,1051.9747468295002,908,52467,549.7674589860253,0.0,549.7674589860253,0.052467,94.7533,0,0.0,,0,False,
A*,1000,1000,1000000,0.3,mixed,18,"(748, 449)","(443, 893)",749,True,578.4356415862587,456,21815,192.31966702500358,0.0,192.31966702500358,0.021815,97.8185,0,0.0,,0,False,
A*,1000,1000,1000000,0.3,mixed,19,"(177, 761)","(752, 187)",1149,False,inf,0,817347,10411.704875004943,0.0,10411.704875004943,0.817347,0.0,0,0.0,,0,False,
JPS,1000,1000,1000000,0.3,mixed,0,"(780, 84)","(91, 775)",1380,True,988.6946596631607,713,2808,474.8799999943003,0.0,474.8799999943003,0.002808,99.7192,0,0.0,,0,False,
JPS,1000,1000,1000000,0.3,mixed,1,"(936, 436)","(216, 859)",1143,True,897.7981233201391,724,8836,661.3747080555186,0.0,661.3747080555186,0.008836,99.1164,0,0.0,,0,False,
JPS,1000,1000,1000000,0.3,mixed,2,"(630, 81)","(565, 698)",682,True,653.0365799261912,618,4264,244.58029097877443,0.0,244.58029097877443,0.004264,99.5736,0,0.0,,0,False,
JPS,1000,1000,1000000,0.3,mixed,3,"(100, 195)","(501, 89)",507,True,452.3624817338792,402,11120,101.80624999338761,0.0,101.80624999338761,0.01112,98.888,0,0.0,,0,False,
JPS,1000,1000,1000000,0.3,mixed,4,"(385, 528)","(998, 975)",1060,True,811.8691911319913,636,27760,460.89554199716076,0.0,460.89554199716076,0.02776,97.224,0,0.0,,0,False,
JPS,1000,1000,1000000,0.3,mixed,5,"(924, 736)","(368, 762)",582,True,604.8772003596591,557,13820,149.45450000232086,0.0,149.45450000232086,0.01382,98.618,0,0.0,,0,False,
JPS,1000,1000,1000000,0.3,mixed,6,"(191, 515)","(675, 121)",878,True,649.5432893242987,489,4697,169.7037910344079,0.0,169.7037910344079,0.004697,99.53030000000001,0,0.0,,0,False,
JPS,1000,1000,1000000,0.3,mixed,7,"(379, 840)","(470, 454)",477,True,423.6934341756693,387,185,41.28958401270211,0.0,41.28958401270211,0.000185,99.9815,0,0.0,,0,False,
JPS,1000,1000,1000000,0.3,mixed,8,"(349, 502)","(881, 370)",664,True,590.8183258565392,533,8511,2269.553125021048,0.0,2269.553125021048,0.008511,99.1489,0,0.0,,0,False,
JPS,1000,1000,1000000,0.3,mixed,9,"(9, 175)","(34, 927)",777,True,782.8233764906397,754,6685,67.77616695035249,0.0,67.77616695035249,0.006685,99.33149999999999,0,0.0,,0,False,
JPS,1000,1000,1000000,0.3,mixed,10,"(109, 405)","(683, 823)",992,True,750.5554826330315,578,10397,1875.5420839879662,0.0,1875.5420839879662,0.010397,98.9603,0,0.0,,0,False,
JPS,1000,1000,1000000,0.3,mixed,11,"(549, 87)","(338, 556)",680,True,556.3990616600687,470,2799,156.90104197710752,0.0,156.90104197710752,0.002799,99.7201,0,0.0,,0,False,
JPS,1000,1000,1000000,0.3,mixed,12,"(331, 888)","(629, 60)",1126,True,951.4356415862583,829,2220,170.3130830428563,0.0,170.3130830428563,0.00222,99.778,0,0.0,,0,False,
JPS,1000,1000,1000000,0.3,mixed,13,"(950, 858)","(470, 828)",510,True,534.6761902328388,481,16571,184.92791702738032,0.0,184.92791702738032,0.016571,98.3429,0,0.0,,0,False,
JPS,1000,1000,1000000,0.3,mixed,14,"(373, 278)","(986, 632)",967,True,761.6316010789811,616,13210,1614.1056250198744,0.0,1614.1056250198744,0.01321,98.679,0,0.0,,0,False,
JPS,1000,1000,1000000,0.3,mixed,15,"(360, 157)","(334, 759)",628,True,635.1370849895995,603,9226,107.74862498510629,0.0,107.74862498510629,0.009226,99.07740000000001,0,0.0,,0,False,
JPS,1000,1000,1000000,0.3,mixed,16,"(737, 701)","(858, 353)",469,True,401.5340546091402,352,1803,20.40429098997265,0.0,20.40429098997265,0.001803,99.8197,0,0.0,,0,False,
JPS,1000,1000,1000000,0.3,mixed,17,"(485, 64)","(135, 971)",1257,True,1051.9747468294977,908,2744,254.986124986317,0.0,254.98612498631698,0.002744,99.7256,0,0.0,,0,False,
JPS,1000,1000,1000000,0.3,mixed,18,"(748, 449)","(443, 893)",749,True,578.4356415862584,456,12907,258.78925004508346,0.0,258.78925004508346,0.012907,98.7093,0,0.0,,0,False,
JPS,1000,1000,1000000,0.3,mixed,19,"(177, 761)","(752, 187)",1149,False,inf,0,260508,22276.36687498307,0.0,22276.36687498307,0.260508,0.0,0,0.0,,0,False,
AILS,5000,5000,25000000,0.2,random,0,"(618, 446)","(3112, 3869)",5917,True,4456.634410988482,3425,31636,335.1199590251781,0.0,13.404798361007124,0.00126544,99.873456,65630,0.0026252,density_adaptive,0,False,
AILS,5000,5000,25000000,0.2,random,1,"(4580, 3272)","(1373, 2194)",4285,True,3653.5222202349096,3208,39648,447.84062495455146,0.0,17.91362499818206,0.00158592,99.841408,52619,0.00210476,density_adaptive,0,False,
AILS,5000,5000,25000000,0.2,random,2,"(4936, 2164)","(4716, 4292)",2348,True,2268.004184081055,2129,26911,264.8035419988446,0.0,10.592141679953784,0.00107644,99.892356,33895,0.0013558,density_adaptive,0,False,
AILS,5000,5000,25000000,0.2,random,3,"(2884, 429)","(4063, 3486)",4236,True,3545.357790034281,3058,38345,429.614333959762,0.0,17.18457335839048,0.0015338,99.84662,50643,0.00202572,density_adaptive,0,False,
AILS,5000,5000,25000000,0.2,random,4,"(933, 1007)","(3947, 470)",3551,True,3256.3149339864717,3015,37916,415.9482499817386,0.0,16.637929999269545,0.00151664,99.848336,47193,0.00188772,density_adaptive,0,False,
AILS,5000,5000,25000000,0.2,random,5,"(2117, 2632)","(436, 4878)",3927,True,2944.050357656899,2250,31555,331.8879999569617,0.0,13.275519998278469,0.0012622,99.87378,43439,0.00173756,density_adaptive,0,False,
AILS,5000,5000,25000000,0.2,random,6,"(1159, 2566)","(2374, 640)",3141,True,2429.8552647171746,1928,25837,298.04070899263024,0.0,11.92162835970521,0.00103348,99.896652,35906,0.00143624,density_adaptive,0,False,
AILS,5000,5000,25000000,0.2,random,7,"(2836, 4198)","(4159, 2251)",3270,True,2495.0045430155096,1948,20794,213.6852500261739,0.0,8.547410001046956,0.00083176,99.916824,35854,0.00143416,density_adaptive,0,False,
AILS,5000,5000,25000000,0.2,random,8,"(2519, 912)","(3656, 4633)",4858,True,4192.546606852375,3723,42568,470.31416598474607,0.0,18.812566639389843,0.00170272,99.82972799999999,61140,0.0024456,density_adaptive,0,False,
AILS,5000,5000,25000000,0.2,random,9,"(4647, 2011)","(2727, 4113)",4022,True,2939.4666632598037,2175,34727,362.20183403929695,0.0,14.488073361571878,0.00138908,99.861092,43849,0.00175396,density_adaptive,0,False,
A*,5000,5000,25000000,0.2,random,0,"(618, 446)","(3112, 3869)",5917,True,4456.048624550849,3424,1557986,17887.23845797358,0.0,715.4895383189432,0.06231944,93.768056,0,0.0,,0,False,
A*,5000,5000,25000000,0.2,random,1,"(4580, 3272)","(1373, 2194)",4285,True,3653.522220234879,3208,2115791,24783.86570798466,0.0,991.3546283193864,0.08463164,91.536836,0,0.0,,0,False,
A*,5000,5000,25000000,0.2,random,2,"(4936, 2164)","(4716, 4292)",2348,True,2261.3767670831357,2129,423216,4604.7162499744445,0.0,184.18864999897778,0.01692864,98.307136,0,0.0,,0,False,
A*,5000,5000,25000000,0.2,random,3,"(2884, 429)","(4063, 3486)",4236,True,3545.35779003424,3058,2607157,30418.091333005577,0.0,1216.723653320223,0.10428628,89.57137200000001,0,0.0,,0,False,
A*,5000,5000,25000000,0.2,random,4,"(933, 1007)","(3947, 470)",3551,True,3250.5159441132846,3015,1018185,12118.517541966867,0.0,484.74070167867467,0.0407274,95.92726,0,0.0,,0,False,
A*,5000,5000,25000000,0.2,random,5,"(2117, 2632)","(436, 4878)",3927,True,2942.8787847816357,2248,528947,5965.012874978129,0.0,238.60051499912515,0.02115788,97.884212,0,0.0,,0,False,
A*,5000,5000,25000000,0.2,random,6,"(1159, 2566)","(2374, 640)",3141,True,2429.2694782795315,1927,416938,4632.208458031528,0.0,185.2883383212611,0.01667752,98.33224799999999,0,0.0,,0,False,
A*,5000,5000,25000000,0.2,random,7,"(2836, 4198)","(4159, 2251)",3270,True,2495.0045430155014,1948,351535,3917.841041984502,0.0,156.7136416793801,0.0140614,98.59386,0,0.0,,0,False,
A*,5000,5000,25000000,0.2,random,8,"(2519, 912)","(3656, 4633)",4858,True,4191.960820414716,3722,2328367,27252.663333027158,0.0,1090.1065333210863,0.09313468,90.686532,0,0.0,,0,False,
A*,5000,5000,25000000,0.2,random,9,"(4647, 2011)","(2727, 4113)",4022,True,2933.6087988835,2165,352517,4155.424624972511,0.0,166.21698499890044,0.01410068,98.589932,0,0.0,,0,False,
JPS,5000,5000,25000000,0.2,random,0,"(618, 446)","(3112, 3869)",5917,True,4456.048624550771,3424,3832491,57202.683333016466,0.0,2288.1073333206587,0.15329964,84.67003600000001,0,0.0,,0,False,
JPS,5000,5000,25000000,0.2,random,1,"(4580, 3272)","(1373, 2194)",4285,True,3653.522220234859,3208,1761582,26386.63699995959,0.0,1055.4654799983837,0.07046328,92.953672,0,0.0,,0,False,
JPS,5000,5000,25000000,0.2,random,2,"(4936, 2164)","(4716, 4292)",2348,True,2261.376767083134,2129,272599,3752.815041982103,0.0,150.11260167928413,0.01090396,98.909604,0,0.0,,0,False,
JPS,5000,5000,25000000,0.2,random,3,"(2884, 429)","(4063, 3486)",4236,True,3545.357790034222,3058,940143,13663.888584007509,0.0,546.5555433603004,0.03760572,96.239428,0,0.0,,0,False,
JPS,5000,5000,25000000,0.2,random,4,"(933, 1007)","(3947, 470)",3551,True,3250.5159441132796,3015,1542319,22023.957292025443,0.0,880.9582916810177,0.06169276,93.830724,0,0.0,,0,False,
JPS,5000,5000,25000000,0.2,random,5,"(2117, 2632)","(436, 4878)",3927,True,2942.8787847815975,2248,1023453,15284.212500031572,0.0,611.3685000012629,0.04093812,95.906188,0,0.0,,0,False,
JPS,5000,5000,25000000,0.2,random,6,"(1159, 2566)","(2374, 640)",3141,True,2429.2694782795306,1927,546692,7509.912415989675,0.0,300.396496639587,0.02186768,97.813232,0,0.0,,0,False,
JPS,5000,5000,25000000,0.2,random,7,"(2836, 4198)","(4159, 2251)",3270,True,2495.004543015493,1948,693386,9964.820625027642,0.0,398.59282500110567,0.02773544,97.226456,0,0.0,,0,False,
JPS,5000,5000,25000000,0.2,random,8,"(2519, 912)","(3656, 4633)",4858,True,4191.96082041469,3722,7122210,112149.37791699776,0.0,4485.975116679911,0.2848884,71.51115999999999,0,0.0,,0,False,
JPS,5000,5000,25000000,0.2,random,9,"(4647, 2011)","(2727, 4113)",4022,True,2933.6087988834806,2165,267914,3355.8683340088464,0.0,134.23473336035386,0.01071656,98.928344,0,0.0,,0,False,
AILS,5000,5000,25000000,0.2,clustered,0,"(328, 465)","(2769, 3951)",5927,True,4497.095305745235,3487,16560,180.9226250043139,0.0,7.2369050001725554,0.0006624,99.93376,17443,0.00069772,base,0,False,
AILS,5000,5000,25000000,0.2,clustered,1,"(828, 2180)","(716, 4344)",2276,True,2210.391918985437,2165,9030,138.23650003178045,0.0,5.529460001271218,0.0003612,99.96388,10833,0.00043332,base,0,False,
AILS,5000,5000,25000000,0.2,clustered,2,"(233, 448)","(1602, 3596)",4517,True,3715.058366884598,3149,16083,166.98091599391773,0.0,6.679236639756709,0.00064332,99.93566799999999,15753,0.00063012,base,0,False,
AILS,5000,5000,25000000,0.2,clustered,3,"(4027, 998)","(1369, 490)",3166,True,2936.368757855498,2676,19039,192.27375002810732,0.0,7.690950001124292,0.00076156,99.92384399999999,27507,0.00110028,density_adaptive,0,False,
AILS,5000,5000,25000000,0.2,clustered,4,"(1271, 2699)","(4653, 4886)",5569,True,4287.885060903283,3383,16529,175.68545800168067,0.0,7.027418320067227,0.00066116,99.93388399999999,16923,0.00067692,base,0,False,
AILS,5000,5000,25000000,0.2,clustered,5,"(2253, 2621)","(2771, 657)",2482,True,2192.5037508045293,1969,11279,117.22387501504272,0.0,4.688955000601709,0.00045116,99.95488399999999,17924,0.00071696,density_adaptive,0,False,
AILS,5000,5000,25000000,0.2,clustered,6,"(3569, 4256)","(123, 2270)",5432,True,4268.628134866907,3447,17566,213.07887503644451,0.0,8.52315500145778,0.00070264,99.929736,17243,0.00068972,base,0,False,
AILS,5000,5000,25000000,0.2,clustered,7,"(252, 911)","(1592, 4660)",5089,True,4304.0461735758545,3750,18282,192.85508297616616,0.0,7.714203319046646,0.00073128,99.926872,18758,0.00075032,base,0,False,
AILS,5000,5000,25000000,0.2,clustered,8,"(4287, 3986)","(1817, 3344)",3112,True,2735.9251070415485,2471,13607,142.087708984036,0.0,5.68350835936144,0.00054428,99.945572,12363,0.00049452,base,0,False,
AILS,5000,5000,25000000,0.2,clustered,9,"(3946, 2020)","(4629, 4177)",2840,True,2439.907863098708,2158,10403,111.51612497633323,0.0,4.460644999053329,0.00041612,99.958388,10798,0.00043192,base,0,False,
A*,5000,5000,25000000,0.2,clustered,0,"(328, 465)","(2769, 3951)",5927,False,inf,0,0,0,0,0,0,0.0,0,0.0,,0,True,timeout
A*,5000,5000,25000000,0.2,clustered,1,"(828, 2180)","(716, 4344)",2276,True,2210.3919189854364,2165,12131,129.77737496839836,0.0,5.1910949987359345,0.00048524,99.951476,0,0.0,,0,False,
A*,5000,5000,25000000,0.2,clustered,2,"(233, 448)","(1602, 3596)",4517,False,inf,0,0,0,0,0,0,0.0,0,0.0,,0,True,timeout
A*,5000,5000,25000000,0.2,clustered,3,"(4027, 998)","(1369, 490)",3166,True,2868.420489683974,2659,5272845,68324.97991697164,0.0,2732.9991966788657,0.2109138,78.90862,0,0.0,,0,False,
A*,5000,5000,25000000,0.2,clustered,4,"(1271, 2699)","(4653, 4886)",5569,False,inf,0,0,0,0,0,0,0.0,0,0.0,,0,True,timeout
A*,5000,5000,25000000,0.2,clustered,5,"(2253, 2621)","(2771, 657)",2482,True,2190.261110117405,1968,13707,128.27504199231043,0.0,5.131001679692417,0.00054828,99.945172,0,0.0,,0,False,
A*,5000,5000,25000000,0.2,clustered,6,"(3569, 4256)","(123, 2270)",5432,False,inf,0,0,0,0,0,0,0.0,0,0.0,,0,True,timeout
A*,5000,5000,25000000,0.2,clustered,7,"(252, 911)","(1592, 4660)",5089,False,inf,0,0,0,0,0,0,0.0,0,0.0,,0,True,timeout
A*,5000,5000,25000000,0.2,clustered,8,"(4287, 3986)","(1817, 3344)",3112,True,2735.9251070414925,2471,10867,138.28833296429366,0.0,5.531533318571746,0.00043468,99.956532,0,0.0,,0,False,
A*,5000,5000,25000000,0.2,clustered,9,"(3946, 2020)","(4629, 4177)",2840,True,2439.907863098659,2158,7130,117.97604098683223,0.0,4.719041639473289,0.0002852,99.97148,0,0.0,,0,False,
JPS,5000,5000,25000000,0.2,clustered,0,"(328, 465)","(2769, 3951)",5927,False,inf,0,0,0,0,0,0,0.0,0,0.0,,0,True,maximum recursion depth exceeded
JPS,5000,5000,25000000,0.2,clustered,1,"(828, 2180)","(716, 4344)",2276,True,2210.39191898544,2165,3,4619.996624998748,0.0,184.79986499994993,1.2e-07,99.999988,0,0.0,,0,False,
JPS,5000,5000,25000000,0.2,clustered,2,"(233, 448)","(1602, 3596)",4517,False,inf,0,0,0,0,0,0,0.0,0,0.0,,0,True,maximum recursion depth exceeded
JPS,5000,5000,25000000,0.2,clustered,3,"(4027, 998)","(1369, 490)",3166,False,inf,0,0,0,0,0,0,0.0,0,0.0,,0,True,maximum recursion depth exceeded
JPS,5000,5000,25000000,0.2,clustered,4,"(1271, 2699)","(4653, 4886)",5569,True,4287.88506090316,3383,35639,34064.120874973014,0.0,1362.5648349989206,0.00142556,99.857444,0,0.0,,0,False,
JPS,5000,5000,25000000,0.2,clustered,5,"(2253, 2621)","(2771, 657)",2482,True,2190.261110117428,1968,7392,1462.6924160402268,0.0,58.50769664160907,0.00029568,99.970432,0,0.0,,0,False,
JPS,5000,5000,25000000,0.2,clustered,6,"(3569, 4256)","(123, 2270)",5432,False,inf,0,0,0,0,0,0,0.0,0,0.0,,0,True,maximum recursion depth exceeded
JPS,5000,5000,25000000,0.2,clustered,7,"(252, 911)","(1592, 4660)",5089,False,inf,0,0,0,0,0,0,0.0,0,0.0,,0,True,maximum recursion depth exceeded
JPS,5000,5000,25000000,0.2,clustered,8,"(4287, 3986)","(1817, 3344)",3112,False,inf,0,0,0,0,0,0,0.0,0,0.0,,0,True,maximum recursion depth exceeded
JPS,5000,5000,25000000,0.2,clustered,9,"(3946, 2020)","(4629, 4177)",2840,False,inf,0,0,0,0,0,0,0.0,0,0.0,,0,True,maximum recursion depth exceeded
AILS,5000,5000,25000000,0.2,mixed,0,"(2325, 439)","(3683, 3884)",4803,False,inf,0,323773,7606.60891700536,0.0,304.2643566802144,0.01295092,0.0,227570,0.0091028,density_adaptive,11,False,
AILS,5000,5000,25000000,0.2,mixed,1,"(4145, 2210)","(2067, 4302)",4170,True,3030.6453788097074,2226,30777,356.7581250099465,0.0,14.270325000397861,0.00123108,99.876892,40086,0.00160344,density_adaptive,0,False,
AILS,5000,5000,25000000,0.2,mixed,2,"(167, 422)","(292, 3507)",3210,True,3214.6488450218108,3086,30103,311.6407920024358,0.0,12.465631680097431,0.00120412,99.879588,37459,0.00149836,density_adaptive,0,False,
AILS,5000,5000,25000000,0.2,mixed,3,"(2696, 2663)","(3515, 4879)",3035,True,2555.2409075810315,2217,22926,276.6062499722466,0.0,11.064249998889863,0.00091704,99.90829599999999,42752,0.00171008,density_adaptive,0,False,
AILS,5000,5000,25000000,0.2,mixed,4,"(1198, 2598)","(1015, 658)",2123,True,2065.5067093981,1941,23399,240.92170898802578,0.0,9.636868359521031,0.00093596,99.90640400000001,29814,0.00119256,density_adaptive,0,False,
AILS,5000,5000,25000000,0.2,mixed,5,"(1960, 4209)","(753, 2294)",3122,True,2414.955769780585,1916,11128,121.44287500996143,0.0,4.857715000398457,0.00044512,99.955488,14315,0.0005726,density_adaptive,0,False,
AILS,5000,5000,25000000,0.2,mixed,6,"(4091, 961)","(3989, 4638)",3779,True,3846.8275605717367,3678,37108,401.64212498348206,0.0,16.065684999339283,0.00148432,99.851568,45897,0.00183588,density_adaptive,0,False,
AILS,5000,5000,25000000,0.2,mixed,7,"(345, 2064)","(2927, 4125)",4643,True,3439.7946571080656,2590,23220,275.5235829972662,0.0,11.020943319890648,0.0009288,99.90712,30104,0.00120416,density_adaptive,0,False,
AILS,5000,5000,25000000,0.2,mixed,8,"(1180, 2757)","(3670, 2260)",2987,True,2695.8641404978953,2491,14013,161.56283399323002,0.0,6.462513359729201,0.00056052,99.943948,13629,0.00054516,density_adaptive,0,False,
AILS,5000,5000,25000000,0.2,mixed,9,"(3620, 454)","(1860, 2802)",4108,True,3099.5600256485955,2379,20814,227.0045840414241,0.0,9.080183361656964,0.00083256,99.91674400000001,32334,0.00129336,density_adaptive,0,False,
A*,5000,5000,25000000,0.2,mixed,0,"(2325, 439)","(3683, 3884)",4803,True,4018.028929633013,3447,1633627,21196.51449995581,0.0,847.8605799982324,0.06534508,93.46549200000001,0,0.0,,0,False,
A*,5000,5000,25000000,0.2,mixed,1,"(4145, 2210)","(2067, 4302)",4170,True,3023.0301551205175,2213,288036,4140.540875028819,0.0,165.62163500115275,0.01152144,98.84785600000001,0,0.0,,0,False,
A*,5000,5000,25000000,0.2,mixed,2,"(167, 422)","(292, 3507)",3210,True,3198.0803025270034,3086,326772,3901.9762909738347,0.0,156.0790516389534,0.01307088,98.69291199999999,0,0.0,,0,False,
A*,5000,5000,25000000,0.2,mixed,3,"(2696, 2663)","(3515, 4879)",3035,True,2555.240907581028,2217,193380,2147.471875010524,0.0,85.89887500042096,0.0077352,99.22648,0,0.0,,0,False,
A*,5000,5000,25000000,0.2,mixed,4,"(1198, 2598)","(1015, 658)",2123,True,2053.908729651741,1941,324774,3904.179874982219,0.0,156.16719499928877,0.01299096,98.700904,0,0.0,,0,False,
A*,5000,5000,25000000,0.2,mixed,5,"(1960, 4209)","(753, 2294)",3122,True,2414.955769780568,1916,240451,2899.4430000311695,0.0,115.97772000124678,0.00961804,99.038196,0,0.0,,0,False,
A*,5000,5000,25000000,0.2,mixed,6,"(4091, 961)","(3989, 4638)",3779,True,3813.4478348950233,3679,965506,12315.628541982733,0.0,492.62514167930937,0.03862024,96.13797600000001,0,0.0,,0,False,
A*,5000,5000,25000000,0.2,mixed,7,"(345, 2064)","(2927, 4125)",4643,True,3435.6941520446326,2583,3750439,49502.99304199871,0.0,1980.1197216799483,0.15001756,84.998244,0,0.0,,0,False,
A*,5000,5000,25000000,0.2,mixed,8,"(1180, 2757)","(3670, 2260)",2987,True,2695.8641404978525,2491,8530,91.53599996352568,0.0,3.6614399985410273,0.0003412,99.96588,0,0.0,,0,False,
A*,5000,5000,25000000,0.2,mixed,9,"(3620, 454)","(1860, 2802)",4108,True,3077.0158697712354,2349,2276138,30467.642332951073,0.0,1218.705693318043,0.09104552,90.895448,0,0.0,,0,False,
JPS,5000,5000,25000000,0.2,mixed,0,"(2325, 439)","(3683, 3884)",4803,False,inf,0,0,0,0,0,0,0.0,0,0.0,,0,True,timeout
JPS,5000,5000,25000000,0.2,mixed,1,"(4145, 2210)","(2067, 4302)",4170,True,3023.0301551204557,2213,140280,5463.507124979515,0.0,218.54028499918059,0.0056112,99.43888,0,0.0,,0,False,
JPS,5000,5000,25000000,0.2,mixed,2,"(167, 422)","(292, 3507)",3210,True,3198.0803025270034,3086,214930,3396.678958029952,0.0,135.86715832119808,0.0085972,99.14028,0,0.0,,0,False,
JPS,5000,5000,25000000,0.2,mixed,3,"(2696, 2663)","(3515, 4879)",3035,True,2555.2409075810197,2217,895565,12029.733709001448,0.0,481.1893483600579,0.0358226,96.41774,0,0.0,,0,False,
JPS,5000,5000,25000000,0.2,mixed,4,"(1198, 2598)","(1015, 658)",2123,True,2053.908729651741,1941,209448,3744.659167015925,0.0,149.786366680637,0.00837792,99.16220799999999,0,0.0,,0,False,
JPS,5000,5000,25000000,0.2,mixed,5,"(1960, 4209)","(753, 2294)",3122,True,2414.9557697805885,1916,6873,13526.050500047859,0.0,541.0420200019144,0.00027492,99.972508,0,0.0,,0,False,
JPS,5000,5000,25000000,0.2,mixed,6,"(4091, 961)","(3989, 4638)",3779,True,3813.4478348950197,3679,253883,5156.77866700571,0.0,206.2711466802284,0.01015532,98.984468,0,0.0,,0,False,
JPS,5000,5000,25000000,0.2,mixed,7,"(345, 2064)","(2927, 4125)",4643,False,inf,0,0,0,0,0,0,0.0,0,0.0,,0,True,timeout
JPS,5000,5000,25000000,0.2,mixed,8,"(1180, 2757)","(3670, 2260)",2987,True,2695.8641404978734,2491,1246,5502.649083966389,0.0,220.10596335865557,4.984e-05,99.995016,0,0.0,,0,False,
JPS,5000,5000,25000000,0.2,mixed,9,"(3620, 454)","(1860, 2802)",4108,True,3077.01586977119,2349,82404,92547.9962080135,0.0,3701.91984832054,0.00329616,99.670384,0,0.0,,0,False,
AILS,5000,5000,25000000,0.3,random,0,"(4700, 445)","(1211, 3870)",6914,True,5132.623443167128,3874,72466,749.9744170345366,0.0,29.998976681381464,0.00289864,99.710136,103976,0.00415904,density_adaptive,0,False,
AILS,5000,5000,25000000,0.3,random,1,"(1125, 3273)","(4897, 2194)",4851,True,4268.499925657983,3777,58849,592.7498750388622,0.0,23.70999500155449,0.00235396,99.764604,84867,0.00339468,density_adaptive,0,False,
AILS,5000,5000,25000000,0.3,random,2,"(3185, 2165)","(502, 4293)",4811,True,3631.1256095498675,2795,51059,532.3336659930646,0.0,21.293346639722586,0.00204236,99.79576399999999,74356,0.00297424,density_adaptive,0,False,
AILS,5000,5000,25000000,0.3,random,3,"(2031, 429)","(1203, 3487)",3886,True,3455.745524938652,3062,47829,452.2427500342019,0.0,18.089710001368076,0.00191316,99.808684,68567,0.00274268,density_adaptive,0,False,
AILS,5000,5000,25000000,0.3,random,4,"(4993, 2632)","(891, 4878)",6348,True,5041.009952584038,4115,66641,711.0048339818604,0.0,28.440193359274417,0.00266564,99.733436,101216,0.00404864,density_adaptive,0,False,
AILS,5000,5000,25000000,0.3,random,5,"(3571, 2566)","(413, 640)",5084,True,3968.9052634396994,3180,51521,557.3986659874208,0.0,22.295946639496833,0.00206084,99.79391600000001,79659,0.00318636,density_adaptive,0,False,
AILS,5000,5000,25000000,0.3,random,6,"(4751, 4198)","(2542, 2252)",4155,True,3100.827052953164,2355,43898,425.2101249876432,0.0,17.00840499950573,0.00175592,99.82440799999999,63807,0.00255228,density_adaptive,0,False,
AILS,5000,5000,25000000,0.3,random,7,"(3783, 912)","(294, 4634)",7211,True,5371.873226528823,4071,75502,831.4946660539135,0.0,33.25978664215654,0.00302008,99.697992,109018,0.00436072,density_adaptive,0,False,
AILS,5000,5000,25000000,0.3,random,8,"(1419, 3908)","(3327, 3219)",2597,True,2208.748483532168,1914,30803,294.95324997697026,0.0,11.79812999907881,0.00123212,99.876788,44247,0.00176988,density_adaptive,0,False,
AILS,5000,5000,25000000,0.3,random,9,"(2772, 2012)","(331, 4114)",4543,True,3392.515436494759,2580,47855,533.1388339982368,0.0,21.325553359929472,0.0019142,99.80858,69160,0.0027664,density_adaptive,0,False,
A*,5000,5000,25000000,0.3,random,0,"(4700, 445)","(1211, 3870)",6914,True,5119.150355101641,3851,1287641,18451.56470895745,0.0,738.062588358298,0.05150564,94.849436,0,0.0,,0,False,
A*,5000,5000,25000000,0.3,random,1,"(1125, 3273)","(4897, 2194)",4851,True,4259.044081535321,3775,1370953,16995.54337497102,0.0,679.8217349988408,0.05483812,94.516188,0,0.0,,0,False,
A*,5000,5000,25000000,0.3,random,2,"(3185, 2165)","(502, 4293)",4811,True,3618.824094359632,2774,746327,8808.384125004523,0.0,352.3353650001809,0.02985308,97.014692,0,0.0,,0,False,
A*,5000,5000,25000000,0.3,random,3,"(2031, 429)","(1203, 3487)",3886,True,3440.2480502557037,3061,934207,10991.618791013025,0.0,439.664751640521,0.03736828,96.263172,0,0.0,,0,False,
A*,5000,5000,25000000,0.3,random,4,"(4993, 2632)","(891, 4878)",6348,True,5035.49523395825,4107,497412,5617.208249983378,0.0,224.6883299993351,0.01989648,98.010352,0,0.0,,0,False,
A*,5000,5000,25000000,0.3,random,5,"(3571, 2566)","(413, 640)",5084,True,3962.2189719386483,3170,663886,8280.360875010956,0.0,331.21443500043824,0.02655544,97.34445600000001,0,0.0,,0,False,
A*,5000,5000,25000000,0.3,random,6,"(4751, 4198)","(2542, 2252)",4155,True,3092.0402563887155,2340,500428,5926.30695796106,0.0,237.0522783184424,0.02001712,97.998288,0,0.0,,0,False,
A*,5000,5000,25000000,0.3,random,7,"(3783, 912)","(294, 4634)",7211,True,5351.956487649407,4037,1464108,18873.726207995787,0.0,754.9490483198315,0.05856432,94.143568,0,0.0,,0,False,
A*,5000,5000,25000000,0.3,random,8,"(1419, 3908)","(3327, 3219)",2597,True,2204.505842845054,1911,327025,3627.0023329998367,0.0,145.08009331999347,0.013081,98.6919,0,0.0,,0,False,
A*,5000,5000,25000000,0.3,random,9,"(2772, 2012)","(331, 4114)",4543,True,3390.1722907442386,2576,627660,7607.14104201179,0.0,304.2856416804716,0.0251064,97.48936,0,0.0,,0,False,
JPS,5000,5000,25000000,0.3,random,0,"(4700, 445)","(1211, 3870)",6914,True,5119.150355101628,3851,913871,11556.593374989461,0.0,462.26373499957845,0.03655484,96.344516,0,0.0,,0,False,
JPS,5000,5000,25000000,0.3,random,1,"(1125, 3273)","(4897, 2194)",4851,True,4259.044081535296,3775,1089550,14675.008041027468,0.0,587.0003216410987,0.043582,95.6418,0,0.0,,0,False,
JPS,5000,5000,25000000,0.3,random,2,"(3185, 2165)","(502, 4293)",4811,True,3618.824094359591,2774,562242,7370.22020801669,0.0,294.8088083206676,0.02248968,97.75103200000001,0,0.0,,0,False,
JPS,5000,5000,25000000,0.3,random,3,"(2031, 429)","(1203, 3487)",3886,True,3440.248050255684,3061,771829,10258.593458042014,0.0,410.3437383216806,0.03087316,96.912684,0,0.0,,0,False,
JPS,5000,5000,25000000,0.3,random,4,"(4993, 2632)","(891, 4878)",6348,True,5035.495233958227,4107,397860,5215.2492080349475,0.0,208.6099683213979,0.0159144,98.40856,0,0.0,,0,False,
JPS,5000,5000,25000000,0.3,random,5,"(3571, 2566)","(413, 640)",5084,True,3962.2189719385938,3170,577652,8492.396999965422,0.0,339.6958799986169,0.02310608,97.689392,0,0.0,,0,False,
JPS,5000,5000,25000000,0.3,random,6,"(4751, 4198)","(2542, 2252)",4155,True,3092.0402563886805,2340,359494,8926.106124999933,0.0,357.0442449999973,0.01437976,98.56202400000001,0,0.0,,0,False,
JPS,5000,5000,25000000,0.3,random,7,"(3783, 912)","(294, 4634)",7211,True,5351.956487649406,4037,1048111,26321.96087500779,0.0,1052.8784350003116,0.04192444,95.807556,0,0.0,,0,False,
JPS,5000,5000,25000000,0.3,random,8,"(1419, 3908)","(3327, 3219)",2597,True,2204.5058428450525,1911,282010,6637.964125024155,0.0,265.5185650009662,0.0112804,98.87196,0,0.0,,0,False,
JPS,5000,5000,25000000,0.3,random,9,"(2772, 2012)","(331, 4114)",4543,True,3390.1722907441967,2576,461708,7766.387666983064,0.0,310.65550667932257,0.01846832,98.15316800000001,0,0.0,,0,False,
AILS,5000,5000,25000000,0.3,clustered,0,"(2230, 383)","(3956, 3812)",5155,True,4143.932608650714,3430,17048,416.62570904009044,0.0,16.665028361603618,0.00068192,99.931808,17158,0.00068632,base,0,False,
AILS,5000,5000,25000000,0.3,clustered,1,"(3657, 3276)","(4562, 2034)",2147,True,1616.8632739448324,1243,4916,139.25579201895744,0.0,5.570231680758297,0.00019664,99.98033600000001,6223,0.00024892,base,0,False,
AILS,5000,5000,25000000,0.3,clustered,2,"(4363, 2002)","(151, 4225)",6435,False,inf,0,703963,22657.527207979,0.0,906.30108831916,0.02815852,0.0,246898,0.00987592,density_adaptive,11,False,
AILS,5000,5000,25000000,0.3,clustered,3,"(1227, 369)","(4640, 3480)",6524,True,4715.677267036229,3438,21070,397.13491703150794,0.0,15.885396681260316,0.0008428,99.91572,25634,0.00102536,density_adaptive,0,False,
AILS,5000,5000,25000000,0.3,clustered,4,"(2907, 2495)","(749, 4885)",4548,False,inf,0,210593,7101.500832999591,0.0,284.06003331998363,0.00842372,0.0,149666,0.00598664,density_adaptive,11,False,
AILS,5000,5000,25000000,0.3,clustered,5,"(3814, 2425)","(2052, 550)",3637,True,2604.844296895953,1876,9344,100.10416602017358,0.0,4.004166640806943,0.00037376,99.962624,9388,0.00037552,base,0,False,
AILS,5000,5000,25000000,0.3,clustered,6,"(368, 4123)","(2055, 2097)",3713,False,inf,0,449171,16672.785500006285,0.0,666.9114200002514,0.01796684,0.0,160597,0.00642388,density_adaptive,11,False,
AILS,5000,5000,25000000,0.3,clustered,7,"(1411, 784)","(613, 4624)",4638,False,inf,0,419208,15106.6678329953,0.0,604.266713319812,0.01676832,0.0,256854,0.01027416,density_adaptive,11,False,
AILS,5000,5000,25000000,0.3,clustered,8,"(4983, 3845)","(3037, 3219)",2572,True,2205.8834764812377,1948,9163,182.10245802765712,0.0,7.284098321106285,0.00036652,99.963348,12090,0.0004836,density_adaptive,0,False,
AILS,5000,5000,25000000,0.3,clustered,9,"(3089, 1834)","(3117, 4036)",2230,True,2213.5979797463588,2203,7718,174.38362498069182,0.0,6.975344999227673,0.00030872,99.969128,11023,0.00044092,base,0,False,
A*,5000,5000,25000000,0.3,clustered,0,"(2230, 383)","(3956, 3812)",5155,False,inf,0,0,0,0,0,0,0.0,0,0.0,,0,True,timeout
A*,5000,5000,25000000,0.3,clustered,1,"(3657, 3276)","(4562, 2034)",2147,True,1616.8632739448192,1243,1204126,15311.257708002813,0.0,612.4503083201125,0.04816504,95.183496,0,0.0,,0,False,
A*,5000,5000,25000000,0.3,clustered,2,"(4363, 2002)","(151, 4225)",6435,False,inf,0,0,0,0,0,0,0.0,0,0.0,,0,True,timeout
A*,5000,5000,25000000,0.3,clustered,3,"(1227, 369)","(4640, 3480)",6524,True,4701.618392533097,3414,1699871,21497.44287499925,0.0,859.89771499997,0.06799484,93.200516,0,0.0,,0,False,
A*,5000,5000,25000000,0.3,clustered,4,"(2907, 2495)","(749, 4885)",4548,True,3324.191626727609,2457,301621,3711.412917007692,0.0,148.4565166803077,0.01206484,98.793516,0,0.0,,0,False,
A*,5000,5000,25000000,0.3,clustered,5,"(3814, 2425)","(2052, 550)",3637,True,2604.844296895948,1876,300830,3749.8890410060994,0.0,149.99556164024398,0.0120332,98.79668000000001,0,0.0,,0,False,
A*,5000,5000,25000000,0.3,clustered,6,"(368, 4123)","(2055, 2097)",3713,False,inf,0,0,0,0,0,0,0.0,0,0.0,,0,True,timeout
A*,5000,5000,25000000,0.3,clustered,7,"(1411, 784)","(613, 4624)",4638,True,4360.352739400101,3844,4328089,60705.24266699795,0.0,2428.209706679918,0.17312356,82.68764399999999,0,0.0,,0,False,
A*,5000,5000,25000000,0.3,clustered,8,"(4983, 3845)","(3037, 3219)",2572,True,2205.8834764812077,1948,16183,169.65829103719443,0.0,6.786331641487777,0.00064732,99.935268,0,0.0,,0,False,
A*,5000,5000,25000000,0.3,clustered,9,"(3089, 1834)","(3117, 4036)",2230,True,2213.5979797463583,2203,3926,43.12195896636695,0.0,1.7248783586546779,0.00015704,99.984296,0,0.0,,0,False,
JPS,5000,5000,25000000,0.3,clustered,0,"(2230, 383)","(3956, 3812)",5155,True,4143.932608650609,3430,8552,60426.00545898313,0.0,2417.040218359325,0.00034208,99.965792,0,0.0,,0,False,
JPS,5000,5000,25000000,0.3,clustered,1,"(3657, 3276)","(4562, 2034)",2147,False,inf,0,0,0,0,0,0,0.0,0,0.0,,0,True,maximum recursion depth exceeded
JPS,5000,5000,25000000,0.3,clustered,2,"(4363, 2002)","(151, 4225)",6435,True,5132.796749148511,4213,144326,16275.533209030982,0.0,651.0213283612393,0.00577304,99.422696,0,0.0,,0,False,
JPS,5000,5000,25000000,0.3,clustered,3,"(1227, 369)","(4640, 3480)",6524,False,inf,0,0,0,0,0,0,0.0,0,0.0,,0,True,maximum recursion depth exceeded
JPS,5000,5000,25000000,0.3,clustered,4,"(2907, 2495)","(749, 4885)",4548,True,3324.1916267275083,2457,72407,15487.713625014294,0.0,619.5085450005718,0.00289628,99.710372,0,0.0,,0,False,
JPS,5000,5000,25000000,0.3,clustered,5,"(3814, 2425)","(2052, 550)",3637,True,2604.8442968959403,1876,918,12001.276416995097,0.0,480.0510566798039,3.672e-05,99.996328,0,0.0,,0,False,
JPS,5000,5000,25000000,0.3,clustered,6,"(368, 4123)","(2055, 2097)",3713,False,inf,0,0,0,0,0,0,0.0,0,0.0,,0,True,maximum recursion depth exceeded
JPS,5000,5000,25000000,0.3,clustered,7,"(1411, 784)","(613, 4624)",4638,False,inf,0,0,0,0,0,0,0.0,0,0.0,,0,True,maximum recursion depth exceeded
JPS,5000,5000,25000000,0.3,clustered,8,"(4983, 3845)","(3037, 3219)",2572,False,inf,0,0,0,0,0,0,0.0,0,0.0,,0,True,maximum recursion depth exceeded
JPS,5000,5000,25000000,0.3,clustered,9,"(3089, 1834)","(3117, 4036)",2230,False,inf,0,0,0,0,0,0,0.0,0,0.0,,0,True,maximum recursion depth exceeded
AILS,5000,5000,25000000,0.3,mixed,0,"(4917, 441)","(1056, 3886)",7306,False,inf,0,143099,5623.187416000292,0.0,224.92749664001167,0.00572396,0.0,262010,0.0104804,density_adaptive,11,False,
AILS,5000,5000,25000000,0.3,mixed,1,"(277, 2182)","(1549, 4303)",3393,True,2649.637010647542,2125,14218,153.65024999482557,0.0,6.146009999793023,0.00056872,99.943128,19507,0.00078028,density_adaptive,0,False,
AILS,5000,5000,25000000,0.3,mixed,2,"(1247, 424)","(3942, 3508)",5779,False,inf,0,657908,10958.936625043862,0.0,438.35746500175446,0.02631632,0.0,244212,0.00976848,density_adaptive,11,False,
AILS,5000,5000,25000000,0.3,mixed,3,"(432, 1058)","(3402, 468)",3560,False,inf,0,697343,10722.59983298136,0.0,428.90399331925437,0.02789372,0.0,214726,0.00858904,density_adaptive,11,False,
AILS,5000,5000,25000000,0.3,mixed,4,"(1017, 2667)","(3735, 4879)",4930,True,3695.8901115373833,2820,33471,352.6190830161795,0.0,14.10476332064718,0.00133884,99.866116,48860,0.0019544,density_adaptive,0,False,
AILS,5000,5000,25000000,0.3,mixed,5,"(3955, 3607)","(68, 3946)",4226,True,4150.854039229703,3888,35897,340.45812499243766,0.0,13.618324999697506,0.00143588,99.856412,50766,0.00203064,density_adaptive,0,False,
AILS,5000,5000,25000000,0.3,mixed,6,"(3047, 2601)","(4922, 656)",3820,False,inf,0,216184,6360.924499982502,0.0,254.43697999930012,0.00864736,0.0,130305,0.0052122,density_adaptive,11,False,
AILS,5000,5000,25000000,0.3,mixed,7,"(2406, 4210)","(2598, 2272)",2130,True,2093.016377389773,1942,21795,203.9961670525372,0.0,8.159846682101488,0.0008718,99.91282,31837,0.00127348,density_adaptive,0,False,
AILS,5000,5000,25000000,0.3,mixed,8,"(975, 2538)","(3406, 1882)",3087,True,2723.7779207837466,2434,27999,337.61712501291186,0.0,13.504685000516474,0.00111996,99.888004,38301,0.00153204,density_adaptive,0,False,
AILS,5000,5000,25000000,0.3,mixed,9,"(461, 955)","(319, 4639)",3826,True,3859.6265504448816,3685,33835,370.7454160321504,0.0,14.829816641286016,0.0013534,99.86466,45468,0.00181872,density_adaptive,0,False,
A*,5000,5000,25000000,0.3,mixed,0,"(4917, 441)","(1056, 3886)",7306,True,5353.615433939376,3967,1578266,22000.617458019406,0.0,880.0246983207762,0.06313064,93.686936,0,0.0,,0,False,
A*,5000,5000,25000000,0.3,mixed,1,"(277, 2182)","(1549, 4303)",3393,True,2649.293864897008,2123,121736,1410.352959006559,0.0,56.414118360262364,0.00486944,99.513056,0,0.0,,0,False,
A*,5000,5000,25000000,0.3,mixed,2,"(1247, 424)","(3942, 3508)",5779,True,4361.337946432377,3350,1353834,17314.884791965596,0.0,692.5953916786239,0.05415336,94.58466399999999,0,0.0,,0,False,
A*,5000,5000,25000000,0.3,mixed,3,"(432, 1058)","(3402, 468)",3560,True,3395.336362010403,3031,1417440,17045.692959043663,0.0,681.8277183617465,0.0566976,94.33024,0,0.0,,0,False,
A*,5000,5000,25000000,0.3,mixed,4,"(1017, 2667)","(3735, 4879)",4930,True,3659.6129829645874,2751,2896248,40730.67920800531,0.0,1629.2271683202125,0.11584992,88.415008,0,0.0,,0,False,
A*,5000,5000,25000000,0.3,mixed,5,"(3955, 3607)","(68, 3946)",4226,True,4088.923015001,3894,262509,2802.6818750076927,0.0,112.10727500030771,0.01050036,98.949964,0,0.0,,0,False,
A*,5000,5000,25000000,0.3,mixed,6,"(3047, 2601)","(4922, 656)",3820,True,2778.9569952680954,2041,290948,5136.503292014822,0.0,205.4601316805929,0.01163792,98.836208,0,0.0,,0,False,
A*,5000,5000,25000000,0.3,mixed,7,"(2406, 4210)","(2598, 2272)",2130,True,2019.185858224505,1939,434122,11579.559915990103,0.0,463.1823966396041,0.01736488,98.26351199999999,0,0.0,,0,False,
A*,5000,5000,25000000,0.3,mixed,8,"(975, 2538)","(3406, 1882)",3087,True,2702.724096914687,2432,86579,2938.75550001394,0.0,117.5502200005576,0.00346316,99.653684,0,0.0,,0,False,
A*,5000,5000,25000000,0.3,mixed,9,"(461, 955)","(319, 4639)",3826,True,3824.0041840810522,3685,247790,8737.56829102058,0.0,349.5027316408232,0.0099116,99.00883999999999,0,0.0,,0,False,
JPS,5000,5000,25000000,0.3,mixed,0,"(4917, 441)","(1056, 3886)",7306,False,inf,0,0,0,0,0,0,0.0,0,0.0,,0,True,timeout
JPS,5000,5000,25000000,0.3,mixed,1,"(277, 2182)","(1549, 4303)",3393,True,2649.2938648970066,2123,13527,47677.86766594509,0.0,1907.1147066378035,0.00054108,99.945892,0,0.0,,0,False,
JPS,5000,5000,25000000,0.3,mixed,2,"(1247, 424)","(3942, 3508)",5779,False,inf,0,0,0,0,0,0,0.0,0,0.0,,0,True,timeout
JPS,5000,5000,25000000,0.3,mixed,3,"(432, 1058)","(3402, 468)",3560,True,3395.336362010359,3031,998394,18800.951417011674,0.0,752.038056680467,0.03993576,96.006424,0,0.0,,0,False,
JPS,5000,5000,25000000,0.3,mixed,4,"(1017, 2667)","(3735, 4879)",4930,False,inf,0,0,0,0,0,0,0.0,0,0.0,,0,True,timeout
JPS,5000,5000,25000000,0.3,mixed,5,"(3955, 3607)","(68, 3946)",4226,True,4088.9230150009994,3894,181452,2070.4293330200016,0.0,82.81717332080007,0.00725808,99.274192,0,0.0,,0,False,
JPS,5000,5000,25000000,0.3,mixed,6,"(3047, 2601)","(4922, 656)",3820,False,inf,0,0,0,0,0,0,0.0,0,0.0,,0,True,timeout
JPS,5000,5000,25000000,0.3,mixed,7,"(2406, 4210)","(2598, 2272)",2130,True,2019.1858582245093,1939,112033,7770.698709005956,0.0,310.8279483602382,0.00448132,99.551868,0,0.0,,0,False,
JPS,5000,5000,25000000,0.3,mixed,8,"(975, 2538)","(3406, 1882)",3087,True,2702.72409691469,2432,34726,1438.01058299141,0.0,57.5204233196564,0.00138904,99.861096,0,0.0,,0,False,
JPS,5000,5000,25000000,0.3,mixed,9,"(461, 955)","(319, 4639)",3826,True,3824.004184081052,3685,171611,2044.6253750124015,0.0,81.78501500049606,0.00686444,99.313556,0,0.0,,0,False,
AILS,10000,10000,100000000,0.2,random,0,"(3424, 892)","(5507, 7739)",8930,True,7710.635277541212,6848,77663,897.2625409951434,0.0,8.972625409951434,0.00077663,99.922337,143942,0.00143942,density_adaptive,0,False,
AILS,10000,10000,100000000,0.2,random,1,"(8517, 6545)","(6244, 4388)",4430,True,3225.623084232791,2375,49532,591.6773339849897,0.0,5.916773339849897,0.00049532,99.950468,63795,0.00063795,density_adaptive,0,False,
AILS,10000,10000,100000000,0.2,random,2,"(9639, 4329)","(369, 8586)",13527,True,11033.307135008363,9271,69747,813.9722090563737,0.0,8.139722090563737,0.00069747,99.93025300000001,206710,0.0020671,density_adaptive,0,False,
AILS,10000,10000,100000000,0.2,random,3,"(3090, 859)","(9241, 6973)",12265,True,8930.117810571632,6573,138587,1699.0172090008855,0.0,16.990172090008855,0.00138587,99.861413,173821,0.00173821,density_adaptive,0,False,
AILS,10000,10000,100000000,0.2,random,4,"(6909, 5264)","(3268, 9756)",8133,True,6018.310960155498,4524,92759,1083.2306249649264,0.0,10.832306249649264,0.00092759,99.907241,116440,0.0011644,density_adaptive,0,False,
A*,10000,10000,100000000,0.2,random,0,"(3424, 892)","(5507, 7739)",8930,True,7709.806850416477,6848,6711552,83357.37833398161,0.0,833.5737833398161,0.06711552,93.288448,0,0.0,,0,False,
A*,10000,10000,100000000,0.2,random,1,"(8517, 6545)","(6244, 4388)",4430,True,3222.1083656070127,2369,370778,4832.830041996203,0.0,48.328300419962034,0.00370778,99.629222,0,0.0,,0,False,
A*,10000,10000,100000000,0.2,random,2,"(9639, 4329)","(369, 8586)",13527,True,11033.307135008232,9271,4991581,62972.38000005018,0.0,629.7238000005018,0.04991581,95.008419,0,0.0,,0,False,
A*,10000,10000,100000000,0.2,random,3,"(3090, 859)","(9241, 6973)",12265,True,8911.958431005098,6542,2846716,42938.72266705148,0.0,429.3872266705148,0.02846716,97.153284,0,0.0,,0,False,
A*,10000,10000,100000000,0.2,random,4,"(6909, 5264)","(3268, 9756)",8133,True,6013.038882216828,4515,2241158,29837.85541699035,0.0,298.3785541699035,0.02241158,97.758842,0,0.0,,0,False,
JPS,10000,10000,100000000,0.2,random,0,"(3424, 892)","(5507, 7739)",8930,False,inf,0,0,0,0,0,0,0.0,0,0.0,,0,True,timeout
JPS,10000,10000,100000000,0.2,random,1,"(8517, 6545)","(6244, 4388)",4430,True,3222.108365606971,2369,265371,3266.8876669486053,0.0,32.66887666948605,0.00265371,99.734629,0,0.0,,0,False,
JPS,10000,10000,100000000,0.2,random,2,"(9639, 4329)","(369, 8586)",13527,True,11033.30713500832,9271,2283460,32947.37770897336,0.0,329.47377708973363,0.0228346,97.71654,0,0.0,,0,False,
JPS,10000,10000,100000000,0.2,random,3,"(3090, 859)","(9241, 6973)",12265,True,8911.958431005278,6542,1991558,28588.689833995886,0.0,285.88689833995886,0.01991558,98.008442,0,0.0,,0,False,
JPS,10000,10000,100000000,0.2,random,4,"(6909, 5264)","(3268, 9756)",8133,True,6013.038882216849,4515,4763125,72842.51637500711,0.0,728.4251637500711,0.04763125,95.236875,0,0.0,,0,False,
AILS,10000,10000,100000000,0.2,clustered,0,"(9649, 828)","(9690, 7633)",6846,True,6821.982756057165,6806,30349,402.2654590080492,0.0,4.022654590080492,0.00030349,99.969651,34038,0.00034038,base,0,False,
AILS,10000,10000,100000000,0.2,clustered,1,"(8870, 6518)","(4919, 4515)",5954,True,4780.669765427124,3952,18602,204.45158396614715,0.0,2.0445158396614715,0.00018602,99.981398,19768,0.00019768,base,0,False,
AILS,10000,10000,100000000,0.2,clustered,2,"(7604, 4460)","(1962, 8518)",9700,True,7322.87863609705,5643,21341,249.27308299811557,0.0,2.4927308299811557,0.00021341,99.97865900000001,28519,0.00028519,density_adaptive,0,False,
AILS,10000,10000,100000000,0.2,clustered,3,"(2651, 798)","(3820, 6916)",7287,True,6602.215654410436,6119,23806,275.26616700924933,0.0,2.7526616700924933,0.00023806,99.97619399999999,30603,0.00030603,base,0,False,
AILS,10000,10000,100000000,0.2,clustered,4,"(1605, 5329)","(3198, 9765)",6029,True,5095.842204855389,4437,24722,270.5652500153519,0.0,2.705652500153519,0.00024722,99.975278,22193,0.00022193,base,0,False,
A*,10000,10000,100000000,0.2,clustered,0,"(9649, 828)","(9690, 7633)",6846,True,6821.982756057159,6806,26089,295.70137505652383,0.0,2.9570137505652383,0.00026089,99.973911,0,0.0,,0,False,
A*,10000,10000,100000000,0.2,clustered,1,"(8870, 6518)","(4919, 4515)",5954,False,inf,0,0,0,0,0,0,0.0,0,0.0,,0,True,timeout
A*,10000,10000,100000000,0.2,clustered,2,"(7604, 4460)","(1962, 8518)",9700,False,inf,0,0,0,0,0,0,0.0,0,0.0,,0,True,timeout
A*,10000,10000,100000000,0.2,clustered,3,"(2651, 798)","(3820, 6916)",7287,True,6602.215654410193,6119,18231,222.1700000227429,0.0,2.221700000227429,0.00018231,99.981769,0,0.0,,0,False,
A*,10000,10000,100000000,0.2,clustered,4,"(1605, 5329)","(3198, 9765)",6029,True,5095.842204855163,4437,917840,12478.150959010236,0.0,124.78150959010237,0.0091784,99.08216,0,0.0,,0,False,
JPS,10000,10000,100000000,0.2,clustered,0,"(9649, 828)","(9690, 7633)",6846,False,inf,0,0,0,0,0,0,0.0,0,0.0,,0,True,maximum recursion depth exceeded
JPS,10000,10000,100000000,0.2,clustered,1,"(8870, 6518)","(4919, 4515)",5954,False,inf,0,0,0,0,0,0,0.0,0,0.0,,0,True,maximum recursion depth exceeded
JPS,10000,10000,100000000,0.2,clustered,2,"(7604, 4460)","(1962, 8518)",9700,False,inf,0,0,0,0,0,0,0.0,0,0.0,,0,True,maximum recursion depth exceeded
JPS,10000,10000,100000000,0.2,clustered,3,"(2651, 798)","(3820, 6916)",7287,False,inf,0,0,0,0,0,0,0.0,0,0.0,,0,True,maximum recursion depth exceeded
JPS,10000,10000,100000000,0.2,clustered,4,"(1605, 5329)","(3198, 9765)",6029,False,inf,0,0,0,0,0,0,0.0,0,0.0,,0,True,maximum recursion depth exceeded
AILS,10000,10000,100000000,0.2,mixed,0,"(3471, 864)","(6405, 7747)",9817,True,8098.302591993221,6884,62452,895.831709029153,0.0,8.95831709029153,0.00062452,99.93754799999999,150951,0.00150951,density_adaptive,0,False,
AILS,10000,10000,100000000,0.2,mixed,1,"(9761, 6557)","(2261, 4425)",9632,True,8401.328711716844,7501,126175,1409.9275000044145,0.0,14.099275000044145,0.00126175,99.87382500000001,163803,0.00163803,density_adaptive,0,False,
AILS,10000,10000,100000000,0.2,mixed,2,"(4655, 4368)","(9795, 8590)",9362,True,6940.358866837212,5229,110028,1377.4627089733258,0.0,13.774627089733258,0.00110028,99.889972,143432,0.00143432,density_adaptive,0,False,
AILS,10000,10000,100000000,0.2,mixed,3,"(3357, 832)","(4425, 6984)",7220,True,6626.688742475935,6153,75833,921.3641670066863,0.0,9.213641670066863,0.00075833,99.924167,98993,0.00098993,density_adaptive,0,False,
AILS,10000,10000,100000000,0.2,mixed,4,"(4597, 5281)","(2079, 9757)",6994,True,5518.989750047573,4477,21948,263.60162504715845,0.0,2.6360162504715845,0.00021948,99.97805199999999,28963,0.00028963,density_adaptive,0,False,
A*,10000,10000,100000000,0.2,mixed,0,"(3471, 864)","(6405, 7747)",9817,True,8098.302591993169,6884,5436383,68821.6951249633,0.0,688.216951249633,0.05436383,94.563617,0,0.0,,0,False,
A*,10000,10000,100000000,0.2,mixed,1,"(9761, 6557)","(2261, 4425)",9632,True,8383.68910141024,7502,9383784,116454.2500830139,0.0,1164.542500830139,0.09383784,90.61621600000001,0,0.0,,0,False,
A*,10000,10000,100000000,0.2,mixed,2,"(4655, 4368)","(9795, 8590)",9362,True,6924.542633021207,5202,4431211,58643.41375004733,0.0,586.4341375004733,0.04431211,95.568789,0,0.0,,0,False,
A*,10000,10000,100000000,0.2,mixed,3,"(3357, 832)","(4425, 6984)",7220,True,6595.208511735891,6153,2443783,30585.869667003863,0.0,305.8586966700386,0.02443783,97.556217,0,0.0,,0,False,
A*,10000,10000,100000000,0.2,mixed,4,"(4597, 5281)","(2079, 9757)",6994,False,inf,0,0,0,0,0,0,0.0,0,0.0,,0,True,timeout
JPS,10000,10000,100000000,0.2,mixed,0,"(3471, 864)","(6405, 7747)",9817,True,8098.30259199319,6884,1345933,19814.41349996021,0.0,198.1441349996021,0.01345933,98.654067,0,0.0,,0,False,
JPS,10000,10000,100000000,0.2,mixed,1,"(9761, 6557)","(2261, 4425)",9632,False,inf,0,0,0,0,0,0,0.0,0,0.0,,0,True,timeout
JPS,10000,10000,100000000,0.2,mixed,2,"(4655, 4368)","(9795, 8590)",9362,False,inf,0,0,0,0,0,0,0.0,0,0.0,,0,True,maximum recursion depth exceeded
JPS,10000,10000,100000000,0.2,mixed,3,"(3357, 832)","(4425, 6984)",7220,False,inf,0,0,0,0,0,0,0.0,0,0.0,,0,True,maximum recursion depth exceeded
JPS,10000,10000,100000000,0.2,mixed,4,"(4597, 5281)","(2079, 9757)",6994,False,inf,0,0,0,0,0,0,0.0,0,0.0,,0,True,maximum recursion depth exceeded
AILS,10000,10000,100000000,0.3,random,0,"(5553, 892)","(3882, 7739)",8518,True,7667.172290743942,6853,138227,1518.1425000191666,0.0,15.181425000191666,0.00138227,99.861773,199220,0.0019922,density_adaptive,0,False,
AILS,10000,10000,100000000,0.3,random,1,"(8792, 6545)","(2631, 4389)",8317,True,7093.282030522514,6171,126105,1455.9427499771118,0.0,14.559427499771118,0.00126105,99.873895,184135,0.00184135,density_adaptive,0,False,
AILS,10000,10000,100000000,0.3,random,2,"(6310, 4330)","(9483, 8585)",7428,True,5629.535131412369,4356,102544,1163.5930000338703,0.0,11.635930000338703,0.00102544,99.89745599999999,150518,0.00150518,density_adaptive,0,False,
AILS,10000,10000,100000000,0.3,random,3,"(4654, 859)","(8790, 6973)",10250,True,7875.263412407798,6190,143045,1538.3310000179335,0.0,15.383310000179337,0.00143045,99.856955,208678,0.00208678,density_adaptive,0,False,
AILS,10000,10000,100000000,0.3,random,4,"(2584, 5265)","(4321, 9756)",6228,True,5223.601656208794,4496,100516,1157.3723339824937,0.0,11.573723339824937,0.00100516,99.899484,137881,0.00137881,density_adaptive,0,False,
A*,10000,10000,100000000,0.3,random,0,"(5553, 892)","(3882, 7739)",8518,True,7646.118466874944,6851,4550442,55370.863540971186,0.0,553.7086354097119,0.04550442,95.449558,0,0.0,,0,False,
A*,10000,10000,100000000,0.3,random,1,"(8792, 6545)","(2631, 4389)",8317,True,7080.411972837497,6166,2991890,35803.668625012506,0.0,358.03668625012506,0.0299189,97.00811,0,0.0,,0,False,
A*,10000,10000,100000000,0.3,random,2,"(6310, 4330)","(9483, 8585)",7428,True,5619.334121285561,4340,1743658,20643.858666997403,0.0,206.43858666997403,0.01743658,98.25634199999999,0,0.0,,0,False,
A*,10000,10000,100000000,0.3,random,3,"(4654, 859)","(8790, 6973)",10250,True,7859.405548031502,6170,3189166,39363.68299997412,0.0,393.63682999974117,0.03189166,96.810834,0,0.0,,0,False,
A*,10000,10000,100000000,0.3,random,4,"(2584, 5265)","(4321, 9756)",6228,True,5220.430083333535,4492,1387053,17555.29829201987,0.0,175.5529829201987,0.01387053,98.61294699999999,0,0.0,,0,False,
JPS,10000,10000,100000000,0.3,random,0,"(5553, 892)","(3882, 7739)",8518,True,7646.118466874937,6851,3548989,50120.32458302565,0.0,501.2032458302565,0.03548989,96.451011,0,0.0,,0,False,
JPS,10000,10000,100000000,0.3,random,1,"(8792, 6545)","(2631, 4389)",8317,True,7080.411972837489,6166,2622534,36066.84487499297,0.0,360.66844874992967,0.02622534,97.377466,0,0.0,,0,False,
JPS,10000,10000,100000000,0.3,random,2,"(6310, 4330)","(9483, 8585)",7428,True,5619.334121285562,4340,1427625,19166.685250005685,0.0,191.66685250005685,0.01427625,98.572375,0,0.0,,0,False,
JPS,10000,10000,100000000,0.3,random,3,"(4654, 859)","(8790, 6973)",10250,True,7859.405548031576,6170,2956386,42559.38495800365,0.0,425.5938495800365,0.02956386,97.043614,0,0.0,,0,False,
JPS,10000,10000,100000000,0.3,random,4,"(2584, 5265)","(4321, 9756)",6228,True,5220.430083333498,4492,1173682,16227.307083026972,0.0,162.27307083026972,0.01173682,98.826318,0,0.0,,0,False,
AILS,10000,10000,100000000,0.3,clustered,0,"(5274, 1102)","(2031, 8004)",10145,True,8245.29458276551,6903,35792,483.7511249934323,0.0,4.837511249934323,0.00035792,99.964208,43192,0.00043192,density_adaptive,0,False,
AILS,10000,10000,100000000,0.3,clustered,1,"(2030, 6780)","(6802, 4653)",6899,True,5653.032247160902,4773,24520,278.0173339997418,0.0,2.7801733399974182,0.0002452,99.97548,23873,0.00023873,base,0,False,
AILS,10000,10000,100000000,0.3,clustered,2,"(9176, 4597)","(8704, 8753)",4628,True,4351.5088014386565,4157,20018,229.1321250377223,0.0,2.291321250377223,0.00020018,99.979982,20793,0.00020793,base,0,False,
AILS,10000,10000,100000000,0.3,clustered,3,"(6821, 1064)","(3412, 7248)",9593,False,inf,0,1076745,28499.02791704517,0.0,284.9902791704517,0.01076745,0.0,362575,0.00362575,density_adaptive,11,False,
AILS,10000,10000,100000000,0.3,clustered,4,"(6383, 2327)","(1531, 1158)",6021,True,5336.215654410499,4853,20946,262.327375006862,0.0,2.62327375006862,0.00020946,99.979054,24273,0.00024273,base,0,False,
A*,10000,10000,100000000,0.3,clustered,0,"(5274, 1102)","(2031, 8004)",10145,False,inf,0,0,0,0,0,0,0.0,0,0.0,,0,True,timeout
A*,10000,10000,100000000,0.3,clustered,1,"(2030, 6780)","(6802, 4653)",6899,False,inf,0,0,0,0,0,0,0.0,0,0.0,,0,True,timeout
A*,10000,10000,100000000,0.3,clustered,2,"(9176, 4597)","(8704, 8753)",4628,True,4351.508801438567,4157,74666,2120.6447500153445,0.0,21.206447500153445,0.00074666,99.92533399999999,0,0.0,,0,False,
A*,10000,10000,100000000,0.3,clustered,3,"(6821, 1064)","(3412, 7248)",9593,True,7596.054034118545,6185,1220725,27581.119709007908,0.0,275.8111970900791,0.01220725,98.779275,0,0.0,,0,False,
A*,10000,10000,100000000,0.3,clustered,4,"(6383, 2327)","(1531, 1158)",6021,True,5336.21565441025,4853,56106,1292.4113330082037,0.0,12.924113330082037,0.00056106,99.943894,0,0.0,,0,False,
JPS,10000,10000,100000000,0.3,clustered,0,"(5274, 1102)","(2031, 8004)",10145,False,inf,0,0,0,0,0,0,0.0,0,0.0,,0,True,maximum recursion depth exceeded
JPS,10000,10000,100000000,0.3,clustered,1,"(2030, 6780)","(6802, 4653)",6899,False,inf,0,0,0,0,0,0,0.0,0,0.0,,0,True,maximum recursion depth exceeded
JPS,10000,10000,100000000,0.3,clustered,2,"(9176, 4597)","(8704, 8753)",4628,False,inf,0,0,0,0,0,0,0.0,0,0.0,,0,True,maximum recursion depth exceeded
JPS,10000,10000,100000000,0.3,clustered,3,"(6821, 1064)","(3412, 7248)",9593,False,inf,0,0,0,0,0,0,0.0,0,0.0,,0,True,maximum recursion depth exceeded
JPS,10000,10000,100000000,0.3,clustered,4,"(6383, 2327)","(1531, 1158)",6021,False,inf,0,0,0,0,0,0,0.0,0,0.0,,0,True,maximum recursion depth exceeded
AILS,10000,10000,100000000,0.3,mixed,0,"(4060, 946)","(5281, 7755)",8030,True,7520.305191652523,6813,122797,2486.642625008244,0.0,24.86642625008244,0.00122797,99.87720300000001,177765,0.00177765,density_adaptive,0,False,
AILS,10000,10000,100000000,0.3,mixed,1,"(9427, 4397)","(8386, 8595)",5239,True,4758.631960013441,4205,80368,1503.317833004985,0.0,15.03317833004985,0.00080368,99.91963200000001,125891,0.00125891,density_adaptive,0,False,
AILS,10000,10000,100000000,0.3,mixed,2,"(1010, 907)","(7963, 6994)",13040,True,9766.22336626908,7441,172305,3528.5614999593236,0.0,35.285614999593236,0.00172305,99.827695,255297,0.00255297,density_adaptive,0,False,
AILS,10000,10000,100000000,0.3,mixed,3,"(9807, 5297)","(1704, 9758)",12564,True,10027.978274607127,8182,125120,2289.888624974992,0.0,22.89888624974992,0.0012512,99.87488,207802,0.00207802,density_adaptive,0,False,
AILS,10000,10000,100000000,0.3,mixed,4,"(2529, 5166)","(5464, 1393)",6708,True,5055.194944255507,3879,82898,1155.2985410089605,0.0,11.552985410089605,0.00082898,99.917102,118430,0.0011843,density_adaptive,0,False,
A*,10000,10000,100000000,0.3,mixed,0,"(4060, 946)","(5281, 7755)",8030,True,7322.269478279461,6820,1679255,36821.646374999546,0.0,368.21646374999546,0.01679255,98.320745,0,0.0,,0,False,
A*,10000,10000,100000000,0.3,mixed,1,"(9427, 4397)","(8386, 8595)",5239,True,4734.22279708517,4210,3318456,79487.68729198491,0.0,794.8768729198491,0.03318456,96.681544,0,0.0,,0,False,
A*,10000,10000,100000000,0.3,mixed,2,"(1010, 907)","(7963, 6994)",13040,True,9717.946237696277,7360,5507093,141926.21187504847,0.0,1419.2621187504847,0.05507093,94.492907,0,0.0,,0,False,
A*,10000,10000,100000000,0.3,mixed,3,"(9807, 5297)","(1704, 9758)",12564,True,10006.605691604993,8154,1954832,40698.102416994516,0.0,406.98102416994516,0.01954832,98.045168,0,0.0,,0,False,
A*,10000,10000,100000000,0.3,mixed,4,"(2529, 5166)","(5464, 1393)",6708,True,5038.792924001852,3851,1445696,34548.60258300323,0.0,345.4860258300323,0.01445696,98.554304,0,0.0,,0,False,
JPS,10000,10000,100000000,0.3,mixed,0,"(4060, 946)","(5281, 7755)",8030,False,inf,0,0,0,0,0,0,0.0,0,0.0,,0,True,maximum recursion depth exceeded
JPS,10000,10000,100000000,0.3,mixed,1,"(9427, 4397)","(8386, 8595)",5239,False,inf,0,0,0,0,0,0,0.0,0,0.0,,0,True,maximum recursion depth exceeded
JPS,10000,10000,100000000,0.3,mixed,2,"(1010, 907)","(7963, 6994)",13040,False,inf,0,0,0,0,0,0,0.0,0,0.0,,0,True,maximum recursion depth exceeded
JPS,10000,10000,100000000,0.3,mixed,3,"(9807, 5297)","(1704, 9758)",12564,False,inf,0,0,0,0,0,0,0.0,0,0.0,,0,True,maximum recursion depth exceeded
JPS,10000,10000,100000000,0.3,mixed,4,"(2529, 5166)","(5464, 1393)",6708,False,inf,0,0,0,0,0,0,0.0,0,0.0,,0,True,maximum recursion depth exceeded
